[{"id":4,"name":"Афганистан","alpha2":"af","alpha3":"afg"},{"id":8,"name":"Албания","alpha2":"al","alpha3":"alb"},{"id":12,"name":"Алжир","alpha2":"dz","alpha3":"dza"},{"id":20,"name":"Андора","alpha2":"ad","alpha3":"and"},{"id":24,"name":"Ангола","alpha2":"ao","alpha3":"ago"},{"id":28,"name":"Антигуа и Барбуда","alpha2":"ag","alpha3":"atg"},{"id":32,"name":"Аржентина","alpha2":"ar","alpha3":"arg"},{"id":51,"name":"Армения","alpha2":"am","alpha3":"arm"},{"id":36,"name":"Австралия","alpha2":"au","alpha3":"aus"},{"id":40,"name":"Австрия","alpha2":"at","alpha3":"aut"},{"id":31,"name":"Азербайджан","alpha2":"az","alpha3":"aze"},{"id":44,"name":"Бахамски острови","alpha2":"bs","alpha3":"bhs"},{"id":48,"name":"Бахрейн","alpha2":"bh","alpha3":"bhr"},{"id":50,"name":"Бангладеш","alpha2":"bd","alpha3":"bgd"},{"id":52,"name":"Барбадос","alpha2":"bb","alpha3":"brb"},{"id":112,"name":"Беларус","alpha2":"by","alpha3":"blr"},{"id":56,"name":"Белгия","alpha2":"be","alpha3":"bel"},{"id":84,"name":"Белиз","alpha2":"bz","alpha3":"blz"},{"id":204,"name":"Бенин","alpha2":"bj","alpha3":"ben"},{"id":64,"name":"Бутан","alpha2":"bt","alpha3":"btn"},{"id":68,"name":"Боливия","alpha2":"bo","alpha3":"bol"},{"id":70,"name":"Босна и Херцеговина","alpha2":"ba","alpha3":"bih"},{"id":72,"name":"Ботсвана","alpha2":"bw","alpha3":"bwa"},{"id":76,"name":"Бразилия","alpha2":"br","alpha3":"bra"},{"id":96,"name":"Бруней","alpha2":"bn","alpha3":"brn"},{"id":100,"name":"България","alpha2":"bg","alpha3":"bgr"},{"id":854,"name":"Буркина Фасо","alpha2":"bf","alpha3":"bfa"},{"id":108,"name":"Бурунди","alpha2":"bi","alpha3":"bdi"},{"id":132,"name":"Кабо Верде","alpha2":"cv","alpha3":"cpv"},{"id":116,"name":"Камбоджа","alpha2":"kh","alpha3":"khm"},{"id":120,"name":"Камерун","alpha2":"cm","alpha3":"cmr"},{"id":124,"name":"Канада","alpha2":"ca","alpha3":"can"},{"id":140,"name":"Централноафриканска република","alpha2":"cf","alpha3":"caf"},{"id":148,"name":"Чад","alpha2":"td","alpha3":"tcd"},{"id":152,"name":"Чили","alpha2":"cl","alpha3":"chl"},{"id":156,"name":"Китай","alpha2":"cn","alpha3":"chn"},{"id":170,"name":"Колумбия","alpha2":"co","alpha3":"col"},{"id":174,"name":"Коморски съюз","alpha2":"km","alpha3":"com"},{"id":178,"name":"Конго","alpha2":"cg","alpha3":"cog"},{"id":180,"name":"Демократична република Конго","alpha2":"cd","alpha3":"cod"},{"id":188,"name":"Коста Рика","alpha2":"cr","alpha3":"cri"},{"id":384,"name":"Кот д'Ивоар","alpha2":"ci","alpha3":"civ"},{"id":191,"name":"Хърватия","alpha2":"hr","alpha3":"hrv"},{"id":192,"name":"Куба","alpha2":"cu","alpha3":"cub"},{"id":196,"name":"Кипър","alpha2":"cy","alpha3":"cyp"},{"id":203,"name":"Чехия","alpha2":"cz","alpha3":"cze"},{"id":208,"name":"Дания","alpha2":"dk","alpha3":"dnk"},{"id":262,"name":"Джибути","alpha2":"dj","alpha3":"dji"},{"id":212,"name":"Доминика","alpha2":"dm","alpha3":"dma"},{"id":214,"name":"Доминиканска република","alpha2":"do","alpha3":"dom"},{"id":218,"name":"Еквадор","alpha2":"ec","alpha3":"ecu"},{"id":818,"name":"Египет","alpha2":"eg","alpha3":"egy"},{"id":222,"name":"Ел Салвадор","alpha2":"sv","alpha3":"slv"},{"id":226,"name":"Екваториална Гвинея","alpha2":"gq","alpha3":"gnq"},{"id":232,"name":"Еритрея","alpha2":"er","alpha3":"eri"},{"id":233,"name":"Естония","alpha2":"ee","alpha3":"est"},{"id":748,"name":"Есватини","alpha2":"sz","alpha3":"swz"},{"id":231,"name":"Етиопия","alpha2":"et","alpha3":"eth"},{"id":242,"name":"Фиджи","alpha2":"fj","alpha3":"fji"},{"id":246,"name":"Финландия","alpha2":"fi","alpha3":"fin"},{"id":250,"name":"Франция","alpha2":"fr","alpha3":"fra"},{"id":266,"name":"Габон","alpha2":"ga","alpha3":"gab"},{"id":270,"name":"Гамбия","alpha2":"gm","alpha3":"gmb"},{"id":268,"name":"Грузия","alpha2":"ge","alpha3":"geo"},{"id":276,"name":"Германия","alpha2":"de","alpha3":"deu"},{"id":288,"name":"Гана","alpha2":"gh","alpha3":"gha"},{"id":300,"name":"Гърция","alpha2":"gr","alpha3":"grc"},{"id":308,"name":"Гренада","alpha2":"gd","alpha3":"grd"},{"id":320,"name":"Гватемала","alpha2":"gt","alpha3":"gtm"},{"id":324,"name":"Гвинея","alpha2":"gn","alpha3":"gin"},{"id":624,"name":"Гвинея-Бисау","alpha2":"gw","alpha3":"gnb"},{"id":328,"name":"Гвиана","alpha2":"gy","alpha3":"guy"},{"id":332,"name":"Хаити","alpha2":"ht","alpha3":"hti"},{"id":340,"name":"Хондурас","alpha2":"hn","alpha3":"hnd"},{"id":344,"name":"Хонг Конг","alpha2":"hk","alpha3":"hkg"},{"id":348,"name":"Унгария","alpha2":"hu","alpha3":"hun"},{"id":352,"name":"Исландия","alpha2":"is","alpha3":"isl"},{"id":356,"name":"Индия","alpha2":"in","alpha3":"ind"},{"id":360,"name":"Индонезия","alpha2":"id","alpha3":"idn"},{"id":364,"name":"Иран","alpha2":"ir","alpha3":"irn"},{"id":368,"name":"Ирак","alpha2":"iq","alpha3":"irq"},{"id":372,"name":"Ирландия","alpha2":"ie","alpha3":"irl"},{"id":376,"name":"Израел","alpha2":"il","alpha3":"isr"},{"id":380,"name":"Италия","alpha2":"it","alpha3":"ita"},{"id":388,"name":"Ямайка","alpha2":"jm","alpha3":"jam"},{"id":392,"name":"Япония","alpha2":"jp","alpha3":"jpn"},{"id":400,"name":"Йордания","alpha2":"jo","alpha3":"jor"},{"id":398,"name":"Казахстан","alpha2":"kz","alpha3":"kaz"},{"id":404,"name":"Кения","alpha2":"ke","alpha3":"ken"},{"id":296,"name":"Кирибати","alpha2":"ki","alpha3":"kir"},{"id":408,"name":"Северна Корея","alpha2":"kp","alpha3":"prk"},{"id":410,"name":"Южна Корея","alpha2":"kr","alpha3":"kor"},{"id":414,"name":"Кувейт","alpha2":"kw","alpha3":"kwt"},{"id":417,"name":"Киргизстан","alpha2":"kg","alpha3":"kgz"},{"id":418,"name":"Лаос","alpha2":"la","alpha3":"lao"},{"id":428,"name":"Латвия","alpha2":"lv","alpha3":"lva"},{"id":422,"name":"Ливан","alpha2":"lb","alpha3":"lbn"},{"id":426,"name":"Лесото","alpha2":"ls","alpha3":"lso"},{"id":430,"name":"Либерия","alpha2":"lr","alpha3":"lbr"},{"id":434,"name":"Либия","alpha2":"ly","alpha3":"lby"},{"id":438,"name":"Лихтенщайн","alpha2":"li","alpha3":"lie"},{"id":440,"name":"Литва","alpha2":"lt","alpha3":"ltu"},{"id":442,"name":"Люксембург","alpha2":"lu","alpha3":"lux"},{"id":450,"name":"Мадагаскар","alpha2":"mg","alpha3":"mdg"},{"id":454,"name":"Малави","alpha2":"mw","alpha3":"mwi"},{"id":458,"name":"Малайзия","alpha2":"my","alpha3":"mys"},{"id":462,"name":"Малдиви","alpha2":"mv","alpha3":"mdv"},{"id":466,"name":"Мали","alpha2":"ml","alpha3":"mli"},{"id":470,"name":"Малта","alpha2":"mt","alpha3":"mlt"},{"id":584,"name":"Маршалови острови","alpha2":"mh","alpha3":"mhl"},{"id":478,"name":"Мавритания","alpha2":"mr","alpha3":"mrt"},{"id":480,"name":"Мавриций","alpha2":"mu","alpha3":"mus"},{"id":484,"name":"Мексико","alpha2":"mx","alpha3":"mex"},{"id":583,"name":"Микронезия","alpha2":"fm","alpha3":"fsm"},{"id":498,"name":"Молдова","alpha2":"md","alpha3":"mda"},{"id":492,"name":"Монако","alpha2":"mc","alpha3":"mco"},{"id":496,"name":"Монголия","alpha2":"mn","alpha3":"mng"},{"id":499,"name":"Черна гора","alpha2":"me","alpha3":"mne"},{"id":504,"name":"Мароко","alpha2":"ma","alpha3":"mar"},{"id":508,"name":"Мозамбик","alpha2":"mz","alpha3":"moz"},{"id":104,"name":"Мианмар","alpha2":"mm","alpha3":"mmr"},{"id":516,"name":"Намибия","alpha2":"na","alpha3":"nam"},{"id":520,"name":"Науру","alpha2":"nr","alpha3":"nru"},{"id":524,"name":"Непал","alpha2":"np","alpha3":"npl"},{"id":528,"name":"Нидерландия","alpha2":"nl","alpha3":"nld"},{"id":554,"name":"Нова Зеландия","alpha2":"nz","alpha3":"nzl"},{"id":558,"name":"Никарагуа","alpha2":"ni","alpha3":"nic"},{"id":562,"name":"Нигер","alpha2":"ne","alpha3":"ner"},{"id":566,"name":"Нигерия","alpha2":"ng","alpha3":"nga"},{"id":807,"name":"Северна Македония","alpha2":"mk","alpha3":"mkd"},{"id":578,"name":"Норвегия","alpha2":"no","alpha3":"nor"},{"id":512,"name":"Оман","alpha2":"om","alpha3":"omn"},{"id":586,"name":"Пакистан","alpha2":"pk","alpha3":"pak"},{"id":585,"name":"Палау","alpha2":"pw","alpha3":"plw"},{"id":591,"name":"Панама","alpha2":"pa","alpha3":"pan"},{"id":598,"name":"Папуа Нова Гвинея","alpha2":"pg","alpha3":"png"},{"id":600,"name":"Парагвай","alpha2":"py","alpha3":"pry"},{"id":604,"name":"Перу","alpha2":"pe","alpha3":"per"},{"id":608,"name":"Филипини","alpha2":"ph","alpha3":"phl"},{"id":616,"name":"Полша","alpha2":"pl","alpha3":"pol"},{"id":620,"name":"Португалия","alpha2":"pt","alpha3":"prt"},{"id":634,"name":"Катар","alpha2":"qa","alpha3":"qat"},{"id":642,"name":"Румъния","alpha2":"ro","alpha3":"rou"},{"id":643,"name":"Русия","alpha2":"ru","alpha3":"rus"},{"id":646,"name":"Руанда","alpha2":"rw","alpha3":"rwa"},{"id":659,"name":"Сейнт Китс и Невис","alpha2":"kn","alpha3":"kna"},{"id":662,"name":"Света Лусия","alpha2":"lc","alpha3":"lca"},{"id":670,"name":"Сейнт Винсент и Гренадини","alpha2":"vc","alpha3":"vct"},{"id":882,"name":"Самоа","alpha2":"ws","alpha3":"wsm"},{"id":674,"name":"Сан Марино","alpha2":"sm","alpha3":"smr"},{"id":678,"name":"Сао Томе и Принсипи","alpha2":"st","alpha3":"stp"},{"id":682,"name":"Саудитска Арабия","alpha2":"sa","alpha3":"sau"},{"id":686,"name":"Сенегал","alpha2":"sn","alpha3":"sen"},{"id":688,"name":"Сърбия","alpha2":"rs","alpha3":"srb"},{"id":690,"name":"Сейшели","alpha2":"sc","alpha3":"syc"},{"id":694,"name":"Сиера Леоне","alpha2":"sl","alpha3":"sle"},{"id":702,"name":"Сингапур","alpha2":"sg","alpha3":"sgp"},{"id":703,"name":"Словакия","alpha2":"sk","alpha3":"svk"},{"id":705,"name":"Словения","alpha2":"si","alpha3":"svn"},{"id":90,"name":"Соломонови острови","alpha2":"sb","alpha3":"slb"},{"id":706,"name":"Сомалия","alpha2":"so","alpha3":"som"},{"id":710,"name":"Южна Африка","alpha2":"za","alpha3":"zaf"},{"id":728,"name":"Южен Судан","alpha2":"ss","alpha3":"ssd"},{"id":724,"name":"Испания","alpha2":"es","alpha3":"esp"},{"id":144,"name":"Шри Ланка","alpha2":"lk","alpha3":"lka"},{"id":729,"name":"Судан","alpha2":"sd","alpha3":"sdn"},{"id":740,"name":"Суринам","alpha2":"sr","alpha3":"sur"},{"id":752,"name":"Швеция","alpha2":"se","alpha3":"swe"},{"id":756,"name":"Швейцария","alpha2":"ch","alpha3":"che"},{"id":760,"name":"Сирия","alpha2":"sy","alpha3":"syr"},{"id":762,"name":"Таджикистан","alpha2":"tj","alpha3":"tjk"},{"id":834,"name":"Танзания","alpha2":"tz","alpha3":"tza"},{"id":764,"name":"Тайланд","alpha2":"th","alpha3":"tha"},{"id":626,"name":"Източен Тимор","alpha2":"tl","alpha3":"tls"},{"id":768,"name":"Того","alpha2":"tg","alpha3":"tgo"},{"id":776,"name":"Тонга","alpha2":"to","alpha3":"ton"},{"id":780,"name":"Тринидад и Тобаго","alpha2":"tt","alpha3":"tto"},{"id":788,"name":"Тунис","alpha2":"tn","alpha3":"tun"},{"id":792,"name":"Турция","alpha2":"tr","alpha3":"tur"},{"id":795,"name":"Туркменистан","alpha2":"tm","alpha3":"tkm"},{"id":798,"name":"Тувалу","alpha2":"tv","alpha3":"tuv"},{"id":800,"name":"Уганда","alpha2":"ug","alpha3":"uga"},{"id":804,"name":"Украйна","alpha2":"ua","alpha3":"ukr"},{"id":784,"name":"Обединени арабски емирства","alpha2":"ae","alpha3":"are"},{"id":826,"name":"Великобритания","alpha2":"gb","alpha3":"gbr"},{"id":840,"name":"САЩ","alpha2":"us","alpha3":"usa"},{"id":858,"name":"Уругвай","alpha2":"uy","alpha3":"ury"},{"id":860,"name":"Узбекистан","alpha2":"uz","alpha3":"uzb"},{"id":548,"name":"Вануату","alpha2":"vu","alpha3":"vut"},{"id":862,"name":"Венецуела","alpha2":"ve","alpha3":"ven"},{"id":704,"name":"Виетнам","alpha2":"vn","alpha3":"vnm"},{"id":887,"name":"Йемен","alpha2":"ye","alpha3":"yem"},{"id":894,"name":"Замбия","alpha2":"zm","alpha3":"zmb"},{"id":716,"name":"Зимбабве","alpha2":"zw","alpha3":"zwe"},{"id":158,"name":"Тайван","alpha2":"tw","alpha3":"twn"}]