[{"id":4,"name":"Afganistan","alpha2":"af","alpha3":"afg"},{"id":8,"name":"Albania","alpha2":"al","alpha3":"alb"},{"id":12,"name":"Algieria","alpha2":"dz","alpha3":"dza"},{"id":20,"name":"Andora","alpha2":"ad","alpha3":"and"},{"id":24,"name":"Angola","alpha2":"ao","alpha3":"ago"},{"id":28,"name":"Antigua i Barbuda","alpha2":"ag","alpha3":"atg"},{"id":682,"name":"Arabia Saudyjska","alpha2":"sa","alpha3":"sau"},{"id":32,"name":"Argentyna","alpha2":"ar","alpha3":"arg"},{"id":51,"name":"Armenia","alpha2":"am","alpha3":"arm"},{"id":36,"name":"Australia","alpha2":"au","alpha3":"aus"},{"id":40,"name":"Austria","alpha2":"at","alpha3":"aut"},{"id":31,"name":"Azerbejdżan","alpha2":"az","alpha3":"aze"},{"id":44,"name":"Bahamy","alpha2":"bs","alpha3":"bhs"},{"id":48,"name":"Bahrajn","alpha2":"bh","alpha3":"bhr"},{"id":50,"name":"Bangladesz","alpha2":"bd","alpha3":"bgd"},{"id":52,"name":"Barbados","alpha2":"bb","alpha3":"brb"},{"id":56,"name":"Belgia","alpha2":"be","alpha3":"bel"},{"id":84,"name":"Belize","alpha2":"bz","alpha3":"blz"},{"id":204,"name":"Benin","alpha2":"bj","alpha3":"ben"},{"id":64,"name":"Bhutan","alpha2":"bt","alpha3":"btn"},{"id":112,"name":"Białoruś","alpha2":"by","alpha3":"blr"},{"id":68,"name":"Boliwia","alpha2":"bo","alpha3":"bol"},{"id":70,"name":"Bośnia i Hercegowina","alpha2":"ba","alpha3":"bih"},{"id":72,"name":"Botswana","alpha2":"bw","alpha3":"bwa"},{"id":76,"name":"Brazylia","alpha2":"br","alpha3":"bra"},{"id":96,"name":"Brunei","alpha2":"bn","alpha3":"brn"},{"id":100,"name":"Bułgaria","alpha2":"bg","alpha3":"bgr"},{"id":854,"name":"Burkina Faso","alpha2":"bf","alpha3":"bfa"},{"id":108,"name":"Burundi","alpha2":"bi","alpha3":"bdi"},{"id":152,"name":"Chile","alpha2":"cl","alpha3":"chl"},{"id":156,"name":"Chiny","alpha2":"cn","alpha3":"chn"},{"id":191,"name":"Chorwacja","alpha2":"hr","alpha3":"hrv"},{"id":196,"name":"Cypr","alpha2":"cy","alpha3":"cyp"},{"id":148,"name":"Czad","alpha2":"td","alpha3":"tcd"},{"id":499,"name":"Czarnogóra","alpha2":"me","alpha3":"mne"},{"id":203,"name":"Czechy","alpha2":"cz","alpha3":"cze"},{"id":208,"name":"Dania","alpha2":"dk","alpha3":"dnk"},{"id":180,"name":"Demokratyczna Republika Konga","alpha2":"cd","alpha3":"cod"},{"id":212,"name":"Dominika","alpha2":"dm","alpha3":"dma"},{"id":214,"name":"Dominikana","alpha2":"do","alpha3":"dom"},{"id":262,"name":"Dżibuti","alpha2":"dj","alpha3":"dji"},{"id":818,"name":"Egipt","alpha2":"eg","alpha3":"egy"},{"id":218,"name":"Ekwador","alpha2":"ec","alpha3":"ecu"},{"id":232,"name":"Erytrea","alpha2":"er","alpha3":"eri"},{"id":233,"name":"Estonia","alpha2":"ee","alpha3":"est"},{"id":748,"name":"Eswatini","alpha2":"sz","alpha3":"swz"},{"id":231,"name":"Etiopia","alpha2":"et","alpha3":"eth"},{"id":242,"name":"Fidżi","alpha2":"fj","alpha3":"fji"},{"id":608,"name":"Filipiny","alpha2":"ph","alpha3":"phl"},{"id":246,"name":"Finlandia","alpha2":"fi","alpha3":"fin"},{"id":250,"name":"Francja","alpha2":"fr","alpha3":"fra"},{"id":266,"name":"Gabon","alpha2":"ga","alpha3":"gab"},{"id":270,"name":"Gambia","alpha2":"gm","alpha3":"gmb"},{"id":288,"name":"Ghana","alpha2":"gh","alpha3":"gha"},{"id":300,"name":"Grecja","alpha2":"gr","alpha3":"grc"},{"id":308,"name":"Grenada","alpha2":"gd","alpha3":"grd"},{"id":268,"name":"Gruzja","alpha2":"ge","alpha3":"geo"},{"id":328,"name":"Gujana","alpha2":"gy","alpha3":"guy"},{"id":320,"name":"Gwatemala","alpha2":"gt","alpha3":"gtm"},{"id":624,"name":"Gwinea Bissau","alpha2":"gw","alpha3":"gnb"},{"id":226,"name":"Gwinea Równikowa","alpha2":"gq","alpha3":"gnq"},{"id":324,"name":"Gwinea","alpha2":"gn","alpha3":"gin"},{"id":332,"name":"Haiti","alpha2":"ht","alpha3":"hti"},{"id":724,"name":"Hiszpania","alpha2":"es","alpha3":"esp"},{"id":528,"name":"Holandia","alpha2":"nl","alpha3":"nld"},{"id":340,"name":"Honduras","alpha2":"hn","alpha3":"hnd"},{"id":344,"name":"Hongkong","alpha2":"hk","alpha3":"hkg"},{"id":356,"name":"Indie","alpha2":"in","alpha3":"ind"},{"id":360,"name":"Indonezja","alpha2":"id","alpha3":"idn"},{"id":368,"name":"Irak","alpha2":"iq","alpha3":"irq"},{"id":364,"name":"Iran","alpha2":"ir","alpha3":"irn"},{"id":372,"name":"Irlandia","alpha2":"ie","alpha3":"irl"},{"id":352,"name":"Islandia","alpha2":"is","alpha3":"isl"},{"id":376,"name":"Izrael","alpha2":"il","alpha3":"isr"},{"id":388,"name":"Jamajka","alpha2":"jm","alpha3":"jam"},{"id":392,"name":"Japonia","alpha2":"jp","alpha3":"jpn"},{"id":887,"name":"Jemen","alpha2":"ye","alpha3":"yem"},{"id":400,"name":"Jordania","alpha2":"jo","alpha3":"jor"},{"id":116,"name":"Kambodża","alpha2":"kh","alpha3":"khm"},{"id":120,"name":"Kamerun","alpha2":"cm","alpha3":"cmr"},{"id":124,"name":"Kanada","alpha2":"ca","alpha3":"can"},{"id":634,"name":"Katar","alpha2":"qa","alpha3":"qat"},{"id":398,"name":"Kazachstan","alpha2":"kz","alpha3":"kaz"},{"id":404,"name":"Kenia","alpha2":"ke","alpha3":"ken"},{"id":417,"name":"Kirgistan","alpha2":"kg","alpha3":"kgz"},{"id":296,"name":"Kiribati","alpha2":"ki","alpha3":"kir"},{"id":170,"name":"Kolumbia","alpha2":"co","alpha3":"col"},{"id":174,"name":"Komory","alpha2":"km","alpha3":"com"},{"id":178,"name":"Kongo","alpha2":"cg","alpha3":"cog"},{"id":410,"name":"Korea Południowa","alpha2":"kr","alpha3":"kor"},{"id":408,"name":"Korea Północna","alpha2":"kp","alpha3":"prk"},{"id":188,"name":"Kostaryka","alpha2":"cr","alpha3":"cri"},{"id":192,"name":"Kuba","alpha2":"cu","alpha3":"cub"},{"id":414,"name":"Kuwejt","alpha2":"kw","alpha3":"kwt"},{"id":418,"name":"Laos","alpha2":"la","alpha3":"lao"},{"id":426,"name":"Lesotho","alpha2":"ls","alpha3":"lso"},{"id":422,"name":"Liban","alpha2":"lb","alpha3":"lbn"},{"id":430,"name":"Liberia","alpha2":"lr","alpha3":"lbr"},{"id":434,"name":"Libia","alpha2":"ly","alpha3":"lby"},{"id":438,"name":"Liechtenstein","alpha2":"li","alpha3":"lie"},{"id":440,"name":"Litwa","alpha2":"lt","alpha3":"ltu"},{"id":442,"name":"Luksemburg","alpha2":"lu","alpha3":"lux"},{"id":428,"name":"Łotwa","alpha2":"lv","alpha3":"lva"},{"id":807,"name":"Macedonia Północna","alpha2":"mk","alpha3":"mkd"},{"id":450,"name":"Madagaskar","alpha2":"mg","alpha3":"mdg"},{"id":454,"name":"Malawi","alpha2":"mw","alpha3":"mwi"},{"id":462,"name":"Malediwy","alpha2":"mv","alpha3":"mdv"},{"id":458,"name":"Malezja","alpha2":"my","alpha3":"mys"},{"id":466,"name":"Mali","alpha2":"ml","alpha3":"mli"},{"id":470,"name":"Malta","alpha2":"mt","alpha3":"mlt"},{"id":504,"name":"Maroko","alpha2":"ma","alpha3":"mar"},{"id":478,"name":"Mauretania","alpha2":"mr","alpha3":"mrt"},{"id":480,"name":"Mauritius","alpha2":"mu","alpha3":"mus"},{"id":484,"name":"Meksyk","alpha2":"mx","alpha3":"mex"},{"id":583,"name":"Mikronezja","alpha2":"fm","alpha3":"fsm"},{"id":104,"name":"Mjanma","alpha2":"mm","alpha3":"mmr"},{"id":498,"name":"Mołdawia","alpha2":"md","alpha3":"mda"},{"id":492,"name":"Monako","alpha2":"mc","alpha3":"mco"},{"id":496,"name":"Mongolia","alpha2":"mn","alpha3":"mng"},{"id":508,"name":"Mozambik","alpha2":"mz","alpha3":"moz"},{"id":516,"name":"Namibia","alpha2":"na","alpha3":"nam"},{"id":520,"name":"Nauru","alpha2":"nr","alpha3":"nru"},{"id":524,"name":"Nepal","alpha2":"np","alpha3":"npl"},{"id":276,"name":"Niemcy","alpha2":"de","alpha3":"deu"},{"id":562,"name":"Niger","alpha2":"ne","alpha3":"ner"},{"id":566,"name":"Nigeria","alpha2":"ng","alpha3":"nga"},{"id":558,"name":"Nikaragua","alpha2":"ni","alpha3":"nic"},{"id":578,"name":"Norwegia","alpha2":"no","alpha3":"nor"},{"id":554,"name":"Nowa Zelandia","alpha2":"nz","alpha3":"nzl"},{"id":512,"name":"Oman","alpha2":"om","alpha3":"omn"},{"id":586,"name":"Pakistan","alpha2":"pk","alpha3":"pak"},{"id":585,"name":"Palau","alpha2":"pw","alpha3":"plw"},{"id":591,"name":"Panama","alpha2":"pa","alpha3":"pan"},{"id":598,"name":"Papua-Nowa Gwinea","alpha2":"pg","alpha3":"png"},{"id":600,"name":"Paragwaj","alpha2":"py","alpha3":"pry"},{"id":604,"name":"Peru","alpha2":"pe","alpha3":"per"},{"id":616,"name":"Polska","alpha2":"pl","alpha3":"pol"},{"id":620,"name":"Portugalia","alpha2":"pt","alpha3":"prt"},{"id":710,"name":"Południowa Afryka","alpha2":"za","alpha3":"zaf"},{"id":140,"name":"Republika Środkowoafrykańska","alpha2":"cf","alpha3":"caf"},{"id":132,"name":"Republika Zielonego Przylądka","alpha2":"cv","alpha3":"cpv"},{"id":643,"name":"Rosja","alpha2":"ru","alpha3":"rus"},{"id":642,"name":"Rumunia","alpha2":"ro","alpha3":"rou"},{"id":646,"name":"Rwanda","alpha2":"rw","alpha3":"rwa"},{"id":659,"name":"Saint Kitts i Nevis","alpha2":"kn","alpha3":"kna"},{"id":662,"name":"Saint Lucia","alpha2":"lc","alpha3":"lca"},{"id":670,"name":"Saint Vincent i Grenadyny","alpha2":"vc","alpha3":"vct"},{"id":222,"name":"Salwador","alpha2":"sv","alpha3":"slv"},{"id":882,"name":"Samoa","alpha2":"ws","alpha3":"wsm"},{"id":674,"name":"San Marino","alpha2":"sm","alpha3":"smr"},{"id":686,"name":"Senegal","alpha2":"sn","alpha3":"sen"},{"id":688,"name":"Serbia","alpha2":"rs","alpha3":"srb"},{"id":690,"name":"Seszele","alpha2":"sc","alpha3":"syc"},{"id":694,"name":"Sierra Leone","alpha2":"sl","alpha3":"sle"},{"id":702,"name":"Singapur","alpha2":"sg","alpha3":"sgp"},{"id":703,"name":"Słowacja","alpha2":"sk","alpha3":"svk"},{"id":705,"name":"Słowenia","alpha2":"si","alpha3":"svn"},{"id":706,"name":"Somalia","alpha2":"so","alpha3":"som"},{"id":144,"name":"Sri Lanka","alpha2":"lk","alpha3":"lka"},{"id":840,"name":"Stany Zjednoczone","alpha2":"us","alpha3":"usa"},{"id":729,"name":"Sudan","alpha2":"sd","alpha3":"sdn"},{"id":728,"name":"Sudan Południowy","alpha2":"ss","alpha3":"ssd"},{"id":740,"name":"Surinam","alpha2":"sr","alpha3":"sur"},{"id":760,"name":"Syria","alpha2":"sy","alpha3":"syr"},{"id":756,"name":"Szwajcaria","alpha2":"ch","alpha3":"che"},{"id":752,"name":"Szwecja","alpha2":"se","alpha3":"swe"},{"id":762,"name":"Tadżykistan","alpha2":"tj","alpha3":"tjk"},{"id":764,"name":"Tajlandia","alpha2":"th","alpha3":"tha"},{"id":834,"name":"Tanzania","alpha2":"tz","alpha3":"tza"},{"id":626,"name":"Timor Wschodni","alpha2":"tl","alpha3":"tls"},{"id":768,"name":"Togo","alpha2":"tg","alpha3":"tgo"},{"id":776,"name":"Tonga","alpha2":"to","alpha3":"ton"},{"id":780,"name":"Trynidad i Tobago","alpha2":"tt","alpha3":"tto"},{"id":788,"name":"Tunezja","alpha2":"tn","alpha3":"tun"},{"id":792,"name":"Turcja","alpha2":"tr","alpha3":"tur"},{"id":795,"name":"Turkmenistan","alpha2":"tm","alpha3":"tkm"},{"id":798,"name":"Tuvalu","alpha2":"tv","alpha3":"tuv"},{"id":800,"name":"Uganda","alpha2":"ug","alpha3":"uga"},{"id":804,"name":"Ukraina","alpha2":"ua","alpha3":"ukr"},{"id":858,"name":"Urugwaj","alpha2":"uy","alpha3":"ury"},{"id":860,"name":"Uzbekistan","alpha2":"uz","alpha3":"uzb"},{"id":548,"name":"Vanuatu","alpha2":"vu","alpha3":"vut"},{"id":862,"name":"Wenezuela","alpha2":"ve","alpha3":"ven"},{"id":348,"name":"Węgry","alpha2":"hu","alpha3":"hun"},{"id":826,"name":"Wielka Brytania","alpha2":"gb","alpha3":"gbr"},{"id":704,"name":"Wietnam","alpha2":"vn","alpha3":"vnm"},{"id":380,"name":"Włochy","alpha2":"it","alpha3":"ita"},{"id":384,"name":"Wybrzeże Kości Słoniowej","alpha2":"ci","alpha3":"civ"},{"id":584,"name":"Wyspy Marshalla","alpha2":"mh","alpha3":"mhl"},{"id":90,"name":"Wyspy Salomona","alpha2":"sb","alpha3":"slb"},{"id":678,"name":"Wyspy Świętego Tomasza i Książęca","alpha2":"st","alpha3":"stp"},{"id":894,"name":"Zambia","alpha2":"zm","alpha3":"zmb"},{"id":716,"name":"Zimbabwe","alpha2":"zw","alpha3":"zwe"},{"id":784,"name":"Zjednoczone Emiraty Arabskie","alpha2":"ae","alpha3":"are"},{"id":158,"name":"Tajwan","alpha2":"tw","alpha3":"twn"}]