[{"id":4,"name":"Afganistan","alpha2":"af","alpha3":"afg"},
{"id":8,"name":"Albánsko","alpha2":"al","alpha3":"alb"},
{"id":12,"name":"Alžírsko","alpha2":"dz","alpha3":"dza"},
{"id":20,"name":"Andorra","alpha2":"ad","alpha3":"and"},
{"id":24,"name":"Angola","alpha2":"ao","alpha3":"ago"},
{"id":28,"name":"Antigua a Barbuda","alpha2":"ag","alpha3":"atg"},
{"id":32,"name":"Argentína","alpha2":"ar","alpha3":"arg"},
{"id":51,"name":"Arménsko","alpha2":"am","alpha3":"arm"},
{"id":36,"name":"Austrália","alpha2":"au","alpha3":"aus"},
{"id":31,"name":"Azerbajdžan","alpha2":"az","alpha3":"aze"},
{"id":44,"name":"Bahamy","alpha2":"bs","alpha3":"bhs"},
{"id":48,"name":"Bahrajn","alpha2":"bh","alpha3":"bhr"},
{"id":50,"name":"Bangladéš","alpha2":"bd","alpha3":"bgd"},
{"id":52,"name":"Barbados","alpha2":"bb","alpha3":"brb"},
{"id":56,"name":"Belgicko","alpha2":"be","alpha3":"bel"},
{"id":84,"name":"Belize","alpha2":"bz","alpha3":"blz"},
{"id":204,"name":"Benin","alpha2":"bj","alpha3":"ben"},
{"id":64,"name":"Bhután","alpha2":"bt","alpha3":"btn"},
{"id":112,"name":"Bielorusko","alpha2":"by","alpha3":"blr"},
{"id":68,"name":"Bolívia","alpha2":"bo","alpha3":"bol"},
{"id":70,"name":"Bosna a Hercegovina","alpha2":"ba","alpha3":"bih"},
{"id":72,"name":"Botswana","alpha2":"bw","alpha3":"bwa"},
{"id":76,"name":"Brazília","alpha2":"br","alpha3":"bra"},
{"id":96,"name":"Brunej","alpha2":"bn","alpha3":"brn"},
{"id":100,"name":"Bulharsko","alpha2":"bg","alpha3":"bgr"},
{"id":854,"name":"Burkina","alpha2":"bf","alpha3":"bfa"},
{"id":108,"name":"Burundi","alpha2":"bi","alpha3":"bdi"},
{"id":196,"name":"Cyprus","alpha2":"cy","alpha3":"cyp"},
{"id":148,"name":"Čad","alpha2":"td","alpha3":"tcd"},
{"id":203,"name":"Česko","alpha2":"cz","alpha3":"cze"},
{"id":499,"name":"Čierna Hora","alpha2":"me","alpha3":"mne"},
{"id":152,"name":"Čile","alpha2":"cl","alpha3":"chl"},
{"id":156,"name":"Čína","alpha2":"cn","alpha3":"chn"},
{"id":208,"name":"Dánsko","alpha2":"dk","alpha3":"dnk"},
{"id":212,"name":"Dominika","alpha2":"dm","alpha3":"dma"},
{"id":214,"name":"Dominikánska republika","alpha2":"do","alpha3":"dom"},
{"id":262,"name":"Džibutsko","alpha2":"dj","alpha3":"dji"},
{"id":818,"name":"Egypt","alpha2":"eg","alpha3":"egy"},
{"id":218,"name":"Ekvádor","alpha2":"ec","alpha3":"ecu"},
{"id":232,"name":"Eritrea","alpha2":"er","alpha3":"eri"},
{"id":233,"name":"Estónsko","alpha2":"ee","alpha3":"est"},
{"id":231,"name":"Etiópia","alpha2":"et","alpha3":"eth"},
{"id":242,"name":"Fidži","alpha2":"fj","alpha3":"fji"},
{"id":608,"name":"Filipíny","alpha2":"ph","alpha3":"phl"},
{"id":246,"name":"Fínsko","alpha2":"fi","alpha3":"fin"},
{"id":250,"name":"Francúzsko","alpha2":"fr","alpha3":"fra"},
{"id":266,"name":"Gabon","alpha2":"ga","alpha3":"gab"},
{"id":270,"name":"Gambia","alpha2":"gm","alpha3":"gmb"},
{"id":288,"name":"Ghana","alpha2":"gh","alpha3":"gha"},
{"id":300,"name":"Grécko","alpha2":"gr","alpha3":"grc"},
{"id":308,"name":"Grenada","alpha2":"gd","alpha3":"grd"},
{"id":268,"name":"Gruzínsko","alpha2":"ge","alpha3":"geo"},
{"id":320,"name":"Guatemala","alpha2":"gt","alpha3":"gtm"},
{"id":324,"name":"Guinea","alpha2":"gn","alpha3":"gin"},
{"id":624,"name":"Guinea-Bissau","alpha2":"gw","alpha3":"gnb"},
{"id":328,"name":"Guyana","alpha2":"gy","alpha3":"guy"},
{"id":332,"name":"Haiti","alpha2":"ht","alpha3":"hti"},
{"id":528,"name":"Holandsko","alpha2":"nl","alpha3":"nld"},
{"id":340,"name":"Honduras","alpha2":"hn","alpha3":"hnd"},
{"id":344,"name":"Hongkong","alpha2":"hk","alpha3":"hkg"},
{"id":191,"name":"Chorvátsko","alpha2":"hr","alpha3":"hrv"},
{"id":356,"name":"India","alpha2":"in","alpha3":"ind"},
{"id":360,"name":"Indonézia","alpha2":"id","alpha3":"idn"},
{"id":364,"name":"Irán","alpha2":"ir","alpha3":"irn"},
{"id":368,"name":"Irak","alpha2":"iq","alpha3":"irq"},
{"id":372,"name":"Írsko","alpha2":"ie","alpha3":"irl"},
{"id":352,"name":"Island","alpha2":"is","alpha3":"isl"},
{"id":376,"name":"Izrael","alpha2":"il","alpha3":"isr"},
{"id":388,"name":"Jamajka","alpha2":"jm","alpha3":"jam"},
{"id":392,"name":"Japonsko","alpha2":"jp","alpha3":"jpn"},
{"id":887,"name":"Jemen","alpha2":"ye","alpha3":"yem"},
{"id":400,"name":"Jordánsko","alpha2":"jo","alpha3":"jor"},
{"id":710,"name":"Južná Afrika","alpha2":"za","alpha3":"zaf"},
{"id":728,"name":"Južný Sudán","alpha2":"ss","alpha3":"ssd"},
{"id":116,"name":"Kambodža","alpha2":"kh","alpha3":"khm"},
{"id":120,"name":"Kamerun","alpha2":"cm","alpha3":"cmr"},
{"id":124,"name":"Kanada","alpha2":"ca","alpha3":"can"},
{"id":132,"name":"Kapverdy","alpha2":"cv","alpha3":"cpv"},
{"id":634,"name":"Katar","alpha2":"qa","alpha3":"qat"},
{"id":398,"name":"Kazachstan","alpha2":"kz","alpha3":"kaz"},
{"id":404,"name":"Keňa","alpha2":"ke","alpha3":"ken"},
{"id":417,"name":"Kirgizsko","alpha2":"kg","alpha3":"kgz"},
{"id":296,"name":"Kiribati","alpha2":"ki","alpha3":"kir"},
{"id":170,"name":"Kolumbia","alpha2":"co","alpha3":"col"},
{"id":174,"name":"Komory","alpha2":"km","alpha3":"com"},
{"id":178,"name":"Kongo","alpha2":"cg","alpha3":"cog"},
{"id":180,"name":"Konžská demokratická republika","alpha2":"cd","alpha3":"cod"},
{"id":408,"name":"Kórejská ľudovodemokratická republika","alpha2":"kp","alpha3":"prk"},
{"id":410,"name":"Kórejská republika","alpha2":"kr","alpha3":"kor"},
{"id":188,"name":"Kostarika","alpha2":"cr","alpha3":"cri"},
{"id":192,"name":"Kuba","alpha2":"cu","alpha3":"cub"},
{"id":414,"name":"Kuvajt","alpha2":"kw","alpha3":"kwt"},
{"id":418,"name":"Laos","alpha2":"la","alpha3":"lao"},
{"id":426,"name":"Lesotho","alpha2":"ls","alpha3":"lso"},
{"id":422,"name":"Libanon","alpha2":"lb","alpha3":"lbn"},
{"id":430,"name":"Libéria","alpha2":"lr","alpha3":"lbr"},
{"id":434,"name":"Líbya","alpha2":"ly","alpha3":"lby"},
{"id":438,"name":"Lichtenštajnsko","alpha2":"li","alpha3":"lie"},
{"id":440,"name":"Litva","alpha2":"lt","alpha3":"ltu"},
{"id":428,"name":"Lotyšsko","alpha2":"lv","alpha3":"lva"},
{"id":442,"name":"Luxembursko","alpha2":"lu","alpha3":"lux"},
{"id":807,"name":"Severné Macedónsko","alpha2":"mk","alpha3":"mkd"},
{"id":450,"name":"Madagaskar","alpha2":"mg","alpha3":"mdg"},
{"id":348,"name":"Maďarsko","alpha2":"hu","alpha3":"hun"},
{"id":458,"name":"Malajzia","alpha2":"my","alpha3":"mys"},
{"id":454,"name":"Malawi","alpha2":"mw","alpha3":"mwi"},
{"id":462,"name":"Maldivy","alpha2":"mv","alpha3":"mdv"},
{"id":466,"name":"Mali","alpha2":"ml","alpha3":"mli"},
{"id":470,"name":"Malta","alpha2":"mt","alpha3":"mlt"},
{"id":504,"name":"Maroko","alpha2":"ma","alpha3":"mar"},
{"id":584,"name":"Marshallove ostrovy","alpha2":"mh","alpha3":"mhl"},
{"id":480,"name":"Maurícius","alpha2":"mu","alpha3":"mus"},
{"id":478,"name":"Mauritánia","alpha2":"mr","alpha3":"mrt"},
{"id":484,"name":"Mexiko","alpha2":"mx","alpha3":"mex"},
{"id":583,"name":"Mikronézia","alpha2":"fm","alpha3":"fsm"},
{"id":104,"name":"Mjanmarsko","alpha2":"mm","alpha3":"mmr"},
{"id":498,"name":"Moldavsko","alpha2":"md","alpha3":"mda"},
{"id":492,"name":"Monako","alpha2":"mc","alpha3":"mco"},
{"id":496,"name":"Mongolsko","alpha2":"mn","alpha3":"mng"},
{"id":508,"name":"Mozambik","alpha2":"mz","alpha3":"moz"},
{"id":516,"name":"Namíbia","alpha2":"na","alpha3":"nam"},
{"id":520,"name":"Nauru","alpha2":"nr","alpha3":"nru"},
{"id":276,"name":"Nemecko","alpha2":"de","alpha3":"deu"},
{"id":524,"name":"Nepál","alpha2":"np","alpha3":"npl"},
{"id":562,"name":"Niger","alpha2":"ne","alpha3":"ner"},
{"id":566,"name":"Nigéria","alpha2":"ng","alpha3":"nga"},
{"id":558,"name":"Nikaragua","alpha2":"ni","alpha3":"nic"},
{"id":578,"name":"Nórsko","alpha2":"no","alpha3":"nor"},
{"id":554,"name":"Nový Zéland","alpha2":"nz","alpha3":"nzl"},
{"id":512,"name":"Omán","alpha2":"om","alpha3":"omn"},
{"id":586,"name":"Pakistan","alpha2":"pk","alpha3":"pak"},
{"id":585,"name":"Palau","alpha2":"pw","alpha3":"plw"},
{"id":591,"name":"Panama","alpha2":"pa","alpha3":"pan"},
{"id":598,"name":"Papua-Nová Guinea","alpha2":"pg","alpha3":"png"},
{"id":600,"name":"Paraguaj","alpha2":"py","alpha3":"pry"},
{"id":604,"name":"Peru","alpha2":"pe","alpha3":"per"},
{"id":384,"name":"Pobrežie Slonoviny","alpha2":"ci","alpha3":"civ"},
{"id":616,"name":"Poľsko","alpha2":"pl","alpha3":"pol"},
{"id":620,"name":"Portugalsko","alpha2":"pt","alpha3":"prt"},
{"id":40,"name":"Rakúsko","alpha2":"at","alpha3":"aut"},
{"id":226,"name":"Rovníková Guinea","alpha2":"gq","alpha3":"gnq"},
{"id":642,"name":"Rumunsko","alpha2":"ro","alpha3":"rou"},
{"id":643,"name":"Rusko","alpha2":"ru","alpha3":"rus"},
{"id":646,"name":"Rwanda","alpha2":"rw","alpha3":"rwa"},
{"id":222,"name":"Salvádor","alpha2":"sv","alpha3":"slv"},
{"id":882,"name":"Samoa","alpha2":"ws","alpha3":"wsm"},
{"id":674,"name":"San Maríno","alpha2":"sm","alpha3":"smr"},
{"id":682,"name":"Saudská Arábia","alpha2":"sa","alpha3":"sau"},
{"id":686,"name":"Senegal","alpha2":"sn","alpha3":"sen"},
{"id":690,"name":"Seychely","alpha2":"sc","alpha3":"syc"},
{"id":694,"name":"Sierra Leone","alpha2":"sl","alpha3":"sle"},
{"id":702,"name":"Singapur","alpha2":"sg","alpha3":"sgp"},
{"id":703,"name":"Slovensko","alpha2":"sk","alpha3":"svk"},
{"id":705,"name":"Slovinsko","alpha2":"si","alpha3":"svn"},
{"id":706,"name":"Somálsko","alpha2":"so","alpha3":"som"},
{"id":784,"name":"Spojené arabské emiráty","alpha2":"ae","alpha3":"are"},
{"id":826,"name":"Spojené kráľovstvo","alpha2":"gb","alpha3":"gbr"},
{"id":840,"name":"Spojené štáty","alpha2":"us","alpha3":"usa"},
{"id":688,"name":"Srbsko","alpha2":"rs","alpha3":"srb"},
{"id":144,"name":"Srí Lanka","alpha2":"lk","alpha3":"lka"},
{"id":140,"name":"Stredoafrická republika","alpha2":"cf","alpha3":"caf"},
{"id":729,"name":"Sudán","alpha2":"sd","alpha3":"sdn"},
{"id":740,"name":"Surinam","alpha2":"sr","alpha3":"sur"},
{"id":662,"name":"Svätá Lucia","alpha2":"lc","alpha3":"lca"},
{"id":659,"name":"Svätý Krištof a Nevis","alpha2":"kn","alpha3":"kna"},
{"id":678,"name":"Svätý Tomáš a Princov ostrov","alpha2":"st","alpha3":"stp"},
{"id":670,"name":"Svätý Vincent a Grenadíny","alpha2":"vc","alpha3":"vct"},
{"id":748,"name":"Svazijsko","alpha2":"sz","alpha3":"swz"},
{"id":760,"name":"Sýria","alpha2":"sy","alpha3":"syr"},
{"id":90,"name":"Šalamúnove ostrovy","alpha2":"sb","alpha3":"slb"},
{"id":724,"name":"Španielsko","alpha2":"es","alpha3":"esp"},
{"id":756,"name":"Švajčiarsko","alpha2":"ch","alpha3":"che"},
{"id":752,"name":"Švédsko","alpha2":"se","alpha3":"swe"},
{"id":762,"name":"Tadžikistan","alpha2":"tj","alpha3":"tjk"},
{"id":380,"name":"Taliansko","alpha2":"it","alpha3":"ita"},
{"id":834,"name":"Tanzánia","alpha2":"tz","alpha3":"tza"},
{"id":764,"name":"Thajsko","alpha2":"th","alpha3":"tha"},
{"id":768,"name":"Togo","alpha2":"tg","alpha3":"tgo"},
{"id":776,"name":"Tonga","alpha2":"to","alpha3":"ton"},
{"id":780,"name":"Trinidad a Tobago","alpha2":"tt","alpha3":"tto"},
{"id":788,"name":"Tunisko","alpha2":"tn","alpha3":"tun"},
{"id":792,"name":"Turecko","alpha2":"tr","alpha3":"tur"},
{"id":795,"name":"Turkménsko","alpha2":"tm","alpha3":"tkm"},
{"id":798,"name":"Tuvalu","alpha2":"tv","alpha3":"tuv"},
{"id":800,"name":"Uganda","alpha2":"ug","alpha3":"uga"},
{"id":804,"name":"Ukrajina","alpha2":"ua","alpha3":"ukr"},
{"id":858,"name":"Uruguaj","alpha2":"uy","alpha3":"ury"},
{"id":860,"name":"Uzbekistan","alpha2":"uz","alpha3":"uzb"},
{"id":548,"name":"Vanuatu","alpha2":"vu","alpha3":"vut"},
{"id":862,"name":"Venezuela","alpha2":"ve","alpha3":"ven"},
{"id":704,"name":"Vietnam","alpha2":"vn","alpha3":"vnm"},
{"id":626,"name":"Východný Timor","alpha2":"tl","alpha3":"tls"},
{"id":894,"name":"Zambia","alpha2":"zm","alpha3":"zmb"},
{"id":716,"name":"Zimbabwe","alpha2":"zw","alpha3":"zwe"},
{"id":158,"name":"Taiwan","alpha2":"tw","alpha3":"twn"}
]
