[{"name":"None","nameTranslationKey":"Settings.External Player Settings.Players.None.Name","value":"","cmdArguments":null},{"name":"mpv","nameTranslationKey":"Settings.External Player Settings.Players.mpv.Name","value":"mpv","cmdArguments":{"defaultExecutable":"mpv","defaultCustomArguments":null,"supportsYtdlProtocol":true,"videoUrl":"","playlistUrl":"","startOffset":"--start=","playbackRate":"--speed=","playlistIndex":"--playlist-start=","playlistReverse":null,"playlistShuffle":"--shuffle","playlistLoop":"--loop-playlist"}},{"name":"VLC","nameTranslationKey":"Settings.External Player Settings.Players.VLC.Name","value":"vlc","cmdArguments":{"defaultExecutable":"vlc","defaultCustomArguments":null,"supportsYtdlProtocol":false,"videoUrl":"","playlistUrl":null,"startOffset":"--start-time=","playbackRate":"--rate=","playlistIndex":null,"playlistReverse":null,"playlistShuffle":"--random","playlistLoop":"--loop"}},{"name":"iina","nameTranslationKey":"Settings.External Player Settings.Players.iina.Name","value":"iina","cmdArguments":{"defaultExecutable":"iina","defaultCustomArguments":"--no-stdin","supportsYtdlProtocol":true,"videoUrl":"","playlistUrl":"","startOffset":"--mpv-start=","playbackRate":"--mpv-speed=","playlistIndex":"--mpv-playlist-start=","playlistReverse":null,"playlistShuffle":"--mpv-shuffle","playlistLoop":"--mpv-loop-playlist"}}]