[{"url":"https://yewtu.be"},{"url":"https://vid.puffyan.us"},{"url":"https://invidious.snopyta.org"},{"url":"https://invidious.kavin.rocks"},{"url":"https://inv.riverside.rocks"},{"url":"https://invidious.osi.kr"},{"url":"https://y.com.sb"},{"url":"https://tube.cthd.icu"},{"url":"https://invidious.flokinet.to"},{"url":"https://yt.artemislena.eu"},{"url":"https://invidious.sethforprivacy.com"},{"url":"https://invidious.tiekoetter.com"},{"url":"https://invidious.lunar.icu"},{"url":"https://invidious.weblibre.org"},{"url":"https://invidious.esmailelbob.xyz"},{"url":"https://youtube.076.ne.jp"},{"url":"https://invidious.namazso.eu"}]