[{"id":662,"name":"Αγία Λουκία","alpha2":"lc","alpha3":"lca"},{"id":670,"name":"Άγιος Βικέντιος και Γρεναδίνες","alpha2":"vc","alpha3":"vct"},{"id":674,"name":"Άγιος Μαρίνος","alpha2":"sm","alpha3":"smr"},{"id":659,"name":"Άγιος Χριστόφορος και Νέβις","alpha2":"kn","alpha3":"kna"},{"id":31,"name":"Αζερμπαϊτζάν","alpha2":"az","alpha3":"aze"},{"id":818,"name":"Αίγυπτος","alpha2":"eg","alpha3":"egy"},{"id":231,"name":"Αιθιοπία","alpha2":"et","alpha3":"eth"},{"id":332,"name":"Αϊτή","alpha2":"ht","alpha3":"hti"},{"id":384,"name":"Ακτή Ελεφαντοστού","alpha2":"ci","alpha3":"civ"},{"id":8,"name":"Αλβανία","alpha2":"al","alpha3":"alb"},{"id":12,"name":"Αλγερία","alpha2":"dz","alpha3":"dza"},{"id":626,"name":"Ανατολικό Τιμόρ","alpha2":"tl","alpha3":"tls"},{"id":24,"name":"Ανγκόλα","alpha2":"ao","alpha3":"ago"},{"id":20,"name":"Ανδόρρα","alpha2":"ad","alpha3":"and"},{"id":28,"name":"Αντίγκουα και Μπαρμπούντα","alpha2":"ag","alpha3":"atg"},{"id":32,"name":"Αργεντινή","alpha2":"ar","alpha3":"arg"},{"id":51,"name":"Αρμενία","alpha2":"am","alpha3":"arm"},{"id":36,"name":"Αυστραλία","alpha2":"au","alpha3":"aus"},{"id":40,"name":"Αυστρία","alpha2":"at","alpha3":"aut"},{"id":4,"name":"Αφγανιστάν","alpha2":"af","alpha3":"afg"},{"id":548,"name":"Βανουάτου","alpha2":"vu","alpha3":"vut"},{"id":56,"name":"Βέλγιο","alpha2":"be","alpha3":"bel"},{"id":862,"name":"Βενεζουέλα","alpha2":"ve","alpha3":"ven"},{"id":704,"name":"Βιετνάμ","alpha2":"vn","alpha3":"vnm"},{"id":68,"name":"Βολιβία","alpha2":"bo","alpha3":"bol"},{"id":408,"name":"Βόρεια Κορέα","alpha2":"kp","alpha3":"prk"},{"id":70,"name":"Βοσνία-Ερζεγοβίνη","alpha2":"ba","alpha3":"bih"},{"id":100,"name":"Βουλγαρία","alpha2":"bg","alpha3":"bgr"},{"id":76,"name":"Βραζιλία","alpha2":"br","alpha3":"bra"},{"id":250,"name":"Γαλλία","alpha2":"fr","alpha3":"fra"},{"id":276,"name":"Γερμανία","alpha2":"de","alpha3":"deu"},{"id":268,"name":"Γεωργία","alpha2":"ge","alpha3":"geo"},{"id":270,"name":"Γκάμπια","alpha2":"gm","alpha3":"gmb"},{"id":266,"name":"Γκαμπόν","alpha2":"ga","alpha3":"gab"},{"id":288,"name":"Γκάνα","alpha2":"gh","alpha3":"gha"},{"id":320,"name":"Γουατεμάλα","alpha2":"gt","alpha3":"gtm"},{"id":328,"name":"Γουιάνα","alpha2":"gy","alpha3":"guy"},{"id":324,"name":"Γουινέα","alpha2":"gn","alpha3":"gin"},{"id":624,"name":"Γουινέα-Μπισσάου","alpha2":"gw","alpha3":"gnb"},{"id":308,"name":"Γρενάδα","alpha2":"gd","alpha3":"grd"},{"id":208,"name":"Δανία","alpha2":"dk","alpha3":"dnk"},{"id":214,"name":"Δομινικανή Δημοκρατία","alpha2":"do","alpha3":"dom"},{"id":222,"name":"Ελ Σαλβαδόρ","alpha2":"sv","alpha3":"slv"},{"id":756,"name":"Ελβετία","alpha2":"ch","alpha3":"che"},{"id":300,"name":"Ελλάδα","alpha2":"gr","alpha3":"grc"},{"id":232,"name":"Ερυθραία","alpha2":"er","alpha3":"eri"},{"id":233,"name":"Εσθονία","alpha2":"ee","alpha3":"est"},{"id":894,"name":"Ζάμπια","alpha2":"zm","alpha3":"zmb"},{"id":716,"name":"Ζιμπάμπουε","alpha2":"zw","alpha3":"zwe"},{"id":784,"name":"Ηνωμένα Αραβικά Εμιράτα","alpha2":"ae","alpha3":"are"},{"id":840,"name":"Ηνωμένες Πολιτείες Αμερικής","alpha2":"us","alpha3":"usa"},{"id":826,"name":"Ηνωμένο Βασίλειο","alpha2":"gb","alpha3":"gbr"},{"id":392,"name":"Ιαπωνία","alpha2":"jp","alpha3":"jpn"},{"id":356,"name":"Ινδία","alpha2":"in","alpha3":"ind"},{"id":360,"name":"Ινδονησία","alpha2":"id","alpha3":"idn"},{"id":400,"name":"Ιορδανία","alpha2":"jo","alpha3":"jor"},{"id":368,"name":"Ιράκ","alpha2":"iq","alpha3":"irq"},{"id":364,"name":"Ιράν","alpha2":"ir","alpha3":"irn"},{"id":372,"name":"Ιρλανδία","alpha2":"ie","alpha3":"irl"},{"id":226,"name":"Ισημερινή Γουινέα","alpha2":"gq","alpha3":"gnq"},{"id":218,"name":"Ισημερινός","alpha2":"ec","alpha3":"ecu"},{"id":352,"name":"Ισλανδία","alpha2":"is","alpha3":"isl"},{"id":724,"name":"Ισπανία","alpha2":"es","alpha3":"esp"},{"id":376,"name":"Ισραήλ","alpha2":"il","alpha3":"isr"},{"id":380,"name":"Ιταλία","alpha2":"it","alpha3":"ita"},{"id":398,"name":"Καζακστάν","alpha2":"kz","alpha3":"kaz"},{"id":120,"name":"Καμερούν","alpha2":"cm","alpha3":"cmr"},{"id":116,"name":"Καμπότζη","alpha2":"kh","alpha3":"khm"},{"id":124,"name":"Καναδάς","alpha2":"ca","alpha3":"can"},{"id":634,"name":"Κατάρ","alpha2":"qa","alpha3":"qat"},{"id":140,"name":"Κεντροαφρικανική Δημοκρατία","alpha2":"cf","alpha3":"caf"},{"id":404,"name":"Κένυα","alpha2":"ke","alpha3":"ken"},{"id":156,"name":"Κίνα","alpha2":"cn","alpha3":"chn"},{"id":417,"name":"Κιργιζία","alpha2":"kg","alpha3":"kgz"},{"id":296,"name":"Κιριμπάτι","alpha2":"ki","alpha3":"kir"},{"id":178,"name":"Κογκό","alpha2":"cg","alpha3":"cog"},{"id":170,"name":"Κολομβία","alpha2":"co","alpha3":"col"},{"id":174,"name":"Κομόρες","alpha2":"km","alpha3":"com"},{"id":188,"name":"Κόστα Ρίκα","alpha2":"cr","alpha3":"cri"},{"id":192,"name":"Κούβα","alpha2":"cu","alpha3":"cub"},{"id":414,"name":"Κουβέιτ","alpha2":"kw","alpha3":"kwt"},{"id":191,"name":"Κροατία","alpha2":"hr","alpha3":"hrv"},{"id":196,"name":"Κύπρος","alpha2":"cy","alpha3":"cyp"},{"id":180,"name":"Λαϊκή Δημοκρατία του Κογκό","alpha2":"cd","alpha3":"cod"},{"id":418,"name":"Λάος","alpha2":"la","alpha3":"lao"},{"id":426,"name":"Λεσότο","alpha2":"ls","alpha3":"lso"},{"id":428,"name":"Λεττονία","alpha2":"lv","alpha3":"lva"},{"id":112,"name":"Λευκορωσία","alpha2":"by","alpha3":"blr"},{"id":422,"name":"Λίβανος","alpha2":"lb","alpha3":"lbn"},{"id":430,"name":"Λιβερία","alpha2":"lr","alpha3":"lbr"},{"id":434,"name":"Λιβύη","alpha2":"ly","alpha3":"lby"},{"id":440,"name":"Λιθουανία","alpha2":"lt","alpha3":"ltu"},{"id":438,"name":"Λίχτενσταϊν","alpha2":"li","alpha3":"lie"},{"id":442,"name":"Λουξεμβούργο","alpha2":"lu","alpha3":"lux"},{"id":450,"name":"Μαδαγασκάρη","alpha2":"mg","alpha3":"mdg"},{"id":458,"name":"Μαλαισία","alpha2":"my","alpha3":"mys"},{"id":454,"name":"Μαλάουι","alpha2":"mw","alpha3":"mwi"},{"id":462,"name":"Μαλδίβες","alpha2":"mv","alpha3":"mdv"},{"id":466,"name":"Μάλι","alpha2":"ml","alpha3":"mli"},{"id":470,"name":"Μάλτα","alpha2":"mt","alpha3":"mlt"},{"id":504,"name":"Μαρόκο","alpha2":"ma","alpha3":"mar"},{"id":480,"name":"Μαυρίκιος","alpha2":"mu","alpha3":"mus"},{"id":478,"name":"Μαυριτανία","alpha2":"mr","alpha3":"mrt"},{"id":499,"name":"Μαυροβούνιο","alpha2":"me","alpha3":"mne"},{"id":484,"name":"Μεξικό","alpha2":"mx","alpha3":"mex"},{"id":104,"name":"Μιανμάρ","alpha2":"mm","alpha3":"mmr"},{"id":496,"name":"Μογγολία","alpha2":"mn","alpha3":"mng"},{"id":508,"name":"Μοζαμβίκη","alpha2":"mz","alpha3":"moz"},{"id":498,"name":"Μολδαβία","alpha2":"md","alpha3":"mda"},{"id":492,"name":"Μονακό","alpha2":"mc","alpha3":"mco"},{"id":50,"name":"Μπανγκλαντές","alpha2":"bd","alpha3":"bgd"},{"id":52,"name":"Μπαρμπάντος","alpha2":"bb","alpha3":"brb"},{"id":44,"name":"Μπαχάμες","alpha2":"bs","alpha3":"bhs"},{"id":48,"name":"Μπαχρέιν","alpha2":"bh","alpha3":"bhr"},{"id":84,"name":"Μπελίζ","alpha2":"bz","alpha3":"blz"},{"id":204,"name":"Μπενίν","alpha2":"bj","alpha3":"ben"},{"id":72,"name":"Μποτσουάνα","alpha2":"bw","alpha3":"bwa"},{"id":854,"name":"Μπουρκίνα Φάσο","alpha2":"bf","alpha3":"bfa"},{"id":108,"name":"Μπουρούντι","alpha2":"bi","alpha3":"bdi"},{"id":64,"name":"Μπουτάν","alpha2":"bt","alpha3":"btn"},{"id":96,"name":"Μπρουνέι","alpha2":"bn","alpha3":"brn"},{"id":516,"name":"Ναμίμπια","alpha2":"na","alpha3":"nam"},{"id":520,"name":"Ναουρού","alpha2":"nr","alpha3":"nru"},{"id":554,"name":"Νέα Ζηλανδία","alpha2":"nz","alpha3":"nzl"},{"id":524,"name":"Νεπάλ","alpha2":"np","alpha3":"npl"},{"id":584,"name":"Νήσοι Μάρσαλ","alpha2":"mh","alpha3":"mhl"},{"id":90,"name":"Νήσοι Σολομώντα","alpha2":"sb","alpha3":"slb"},{"id":562,"name":"Νίγηρας","alpha2":"ne","alpha3":"ner"},{"id":566,"name":"Νιγηρία","alpha2":"ng","alpha3":"nga"},{"id":558,"name":"Νικαράγουα","alpha2":"ni","alpha3":"nic"},{"id":578,"name":"Νορβηγία","alpha2":"no","alpha3":"nor"},{"id":710,"name":"Νότια Αφρική","alpha2":"za","alpha3":"zaf"},{"id":410,"name":"Νότια Κορέα","alpha2":"kr","alpha3":"kor"},{"id":728,"name":"Νότιο Σουδάν","alpha2":"ss","alpha3":"ssd"},{"id":212,"name":"Δομινίκα","alpha2":"dm","alpha3":"dma"},{"id":528,"name":"Ολλανδία (Κάτω Χώρες)","alpha2":"nl","alpha3":"nld"},{"id":512,"name":"Ομάν","alpha2":"om","alpha3":"omn"},{"id":583,"name":"Ομόσπονδες Πολιτείες της Μικρονησίας","alpha2":"fm","alpha3":"fsm"},{"id":340,"name":"Ονδούρα","alpha2":"hn","alpha3":"hnd"},{"id":344,"name":"Χονγκ Κονγκ","alpha2":"hk","alpha3":"hkg"},{"id":348,"name":"Ουγγαρία","alpha2":"hu","alpha3":"hun"},{"id":800,"name":"Ουγκάντα","alpha2":"ug","alpha3":"uga"},{"id":860,"name":"Ουζμπεκιστάν","alpha2":"uz","alpha3":"uzb"},{"id":804,"name":"Ουκρανία","alpha2":"ua","alpha3":"ukr"},{"id":858,"name":"Ουρουγουάη","alpha2":"uy","alpha3":"ury"},{"id":586,"name":"Πακιστάν","alpha2":"pk","alpha3":"pak"},{"id":585,"name":"Παλάου","alpha2":"pw","alpha3":"plw"},{"id":591,"name":"Παναμάς","alpha2":"pa","alpha3":"pan"},{"id":598,"name":"Παπούα Νέα Γουινέα","alpha2":"pg","alpha3":"png"},{"id":600,"name":"Παραγουάη","alpha2":"py","alpha3":"pry"},{"id":807,"name":"Βόρεια Μακεδονία","alpha2":"mk","alpha3":"mkd"},{"id":604,"name":"Περού","alpha2":"pe","alpha3":"per"},{"id":616,"name":"Πολωνία","alpha2":"pl","alpha3":"pol"},{"id":620,"name":"Πορτογαλία","alpha2":"pt","alpha3":"prt"},{"id":132,"name":"Πράσινο Ακρωτήρι","alpha2":"cv","alpha3":"cpv"},{"id":646,"name":"Ρουάντα","alpha2":"rw","alpha3":"rwa"},{"id":642,"name":"Ρουμανία","alpha2":"ro","alpha3":"rou"},{"id":643,"name":"Ρωσία","alpha2":"ru","alpha3":"rus"},{"id":882,"name":"Σαμόα","alpha2":"ws","alpha3":"wsm"},{"id":678,"name":"Σάο Τομέ και Πρίνσιπε","alpha2":"st","alpha3":"stp"},{"id":682,"name":"Σαουδική Αραβία","alpha2":"sa","alpha3":"sau"},{"id":686,"name":"Σενεγάλη","alpha2":"sn","alpha3":"sen"},{"id":688,"name":"Σερβία","alpha2":"rs","alpha3":"srb"},{"id":690,"name":"Σεϋχέλλες","alpha2":"sc","alpha3":"syc"},{"id":694,"name":"Σιέρα Λεόνε","alpha2":"sl","alpha3":"sle"},{"id":702,"name":"Σιγκαπούρη","alpha2":"sg","alpha3":"sgp"},{"id":703,"name":"Σλοβακία","alpha2":"sk","alpha3":"svk"},{"id":705,"name":"Σλοβενία","alpha2":"si","alpha3":"svn"},{"id":706,"name":"Σομαλία","alpha2":"so","alpha3":"som"},{"id":748,"name":"Εσουατίνι","alpha2":"sz","alpha3":"swz"},{"id":729,"name":"Σουδάν","alpha2":"sd","alpha3":"sdn"},{"id":752,"name":"Σουηδία","alpha2":"se","alpha3":"swe"},{"id":740,"name":"Σουρινάμ","alpha2":"sr","alpha3":"sur"},{"id":144,"name":"Σρι Λάνκα","alpha2":"lk","alpha3":"lka"},{"id":760,"name":"Συρία","alpha2":"sy","alpha3":"syr"},{"id":764,"name":"Ταϊλάνδη","alpha2":"th","alpha3":"tha"},{"id":834,"name":"Τανζανία","alpha2":"tz","alpha3":"tza"},{"id":762,"name":"Τατζικιστάν","alpha2":"tj","alpha3":"tjk"},{"id":388,"name":"Τζαμάικα","alpha2":"jm","alpha3":"jam"},{"id":262,"name":"Τζιμπουτί","alpha2":"dj","alpha3":"dji"},{"id":776,"name":"Τόγκα","alpha2":"to","alpha3":"ton"},{"id":768,"name":"Τόγκο","alpha2":"tg","alpha3":"tgo"},{"id":798,"name":"Τουβαλού","alpha2":"tv","alpha3":"tuv"},{"id":792,"name":"Τουρκία","alpha2":"tr","alpha3":"tur"},{"id":795,"name":"Τουρκμενιστάν","alpha2":"tm","alpha3":"tkm"},{"id":780,"name":"Τρινιντάντ και Τομπάγκο","alpha2":"tt","alpha3":"tto"},{"id":148,"name":"Τσαντ","alpha2":"td","alpha3":"tcd"},{"id":203,"name":"Τσεχία","alpha2":"cz","alpha3":"cze"},{"id":788,"name":"Τυνησία","alpha2":"tn","alpha3":"tun"},{"id":887,"name":"Υεμένη","alpha2":"ye","alpha3":"yem"},{"id":608,"name":"Φιλιππίνες","alpha2":"ph","alpha3":"phl"},{"id":246,"name":"Φινλανδία","alpha2":"fi","alpha3":"fin"},{"id":242,"name":"Φίτζι","alpha2":"fj","alpha3":"fji"},{"id":152,"name":"Χιλή","alpha2":"cl","alpha3":"chl"},{"id":158,"name":"Ταϊβάν","alpha2":"tw","alpha3":"twn"}]