[{"id":4,"name":"Afganistan","alpha2":"af","alpha3":"afg"},{"id":8,"name":"Albanía","alpha2":"al","alpha3":"alb"},{"id":12,"name":"Alsír","alpha2":"dz","alpha3":"dza"},{"id":20,"name":"Andorra","alpha2":"ad","alpha3":"and"},{"id":24,"name":"Angóla","alpha2":"ao","alpha3":"ago"},{"id":28,"name":"Antígva og Barbúda","alpha2":"ag","alpha3":"atg"},{"id":32,"name":"Argentína","alpha2":"ar","alpha3":"arg"},{"id":51,"name":"Armenía","alpha2":"am","alpha3":"arm"},{"id":36,"name":"Ástralía","alpha2":"au","alpha3":"aus"},{"id":40,"name":"Austurríki","alpha2":"at","alpha3":"aut"},{"id":31,"name":"Aserbædsjan","alpha2":"az","alpha3":"aze"},{"id":44,"name":"Bahamaeyjar","alpha2":"bs","alpha3":"bhs"},{"id":48,"name":"Barein","alpha2":"bh","alpha3":"bhr"},{"id":50,"name":"Bangladess","alpha2":"bd","alpha3":"bgd"},{"id":52,"name":"Barbados","alpha2":"bb","alpha3":"brb"},{"id":112,"name":"Belarús","alpha2":"by","alpha3":"blr"},{"id":56,"name":"Belgía","alpha2":"be","alpha3":"bel"},{"id":84,"name":"Belís","alpha2":"bz","alpha3":"blz"},{"id":204,"name":"Benín","alpha2":"bj","alpha3":"ben"},{"id":64,"name":"Bútan","alpha2":"bt","alpha3":"btn"},{"id":68,"name":"Bólivía (Fjölþjóðaríkið)","alpha2":"bo","alpha3":"bol"},{"id":70,"name":"Bosnía og Herzegóvína","alpha2":"ba","alpha3":"bih"},{"id":72,"name":"Botsvana","alpha2":"bw","alpha3":"bwa"},{"id":76,"name":"Brasilía","alpha2":"br","alpha3":"bra"},{"id":96,"name":"Brunei-Daresalam","alpha2":"bn","alpha3":"brn"},{"id":100,"name":"Búlgaría","alpha2":"bg","alpha3":"bgr"},{"id":854,"name":"Burkína Fasó","alpha2":"bf","alpha3":"bfa"},{"id":108,"name":"Búrundí","alpha2":"bi","alpha3":"bdi"},{"id":132,"name":"Grænhöfðaeyjar","alpha2":"cv","alpha3":"cpv"},{"id":116,"name":"Kambódía","alpha2":"kh","alpha3":"khm"},{"id":120,"name":"Kamerún","alpha2":"cm","alpha3":"cmr"},{"id":124,"name":"Kanada","alpha2":"ca","alpha3":"can"},{"id":140,"name":"Miðafríkulýðveldið","alpha2":"cf","alpha3":"caf"},{"id":148,"name":"Tsjad","alpha2":"td","alpha3":"tcd"},{"id":152,"name":"Síle","alpha2":"cl","alpha3":"chl"},{"id":156,"name":"Kína","alpha2":"cn","alpha3":"chn"},{"id":170,"name":"Kólumbía","alpha2":"co","alpha3":"col"},{"id":174,"name":"Kómorróeyjar","alpha2":"km","alpha3":"com"},{"id":178,"name":"Kongó","alpha2":"cg","alpha3":"cog"},{"id":180,"name":"Kongó, Lýðstjórnarlýðveldið","alpha2":"cd","alpha3":"cod"},{"id":188,"name":"Kosta Ríka","alpha2":"cr","alpha3":"cri"},{"id":384,"name":"Fílabeinsströndin","alpha2":"ci","alpha3":"civ"},{"id":191,"name":"Króatía","alpha2":"hr","alpha3":"hrv"},{"id":192,"name":"Kúba","alpha2":"cu","alpha3":"cub"},{"id":196,"name":"Kýpur","alpha2":"cy","alpha3":"cyp"},{"id":203,"name":"Tékkland","alpha2":"cz","alpha3":"cze"},{"id":208,"name":"Danmörk","alpha2":"dk","alpha3":"dnk"},{"id":262,"name":"Djibútí","alpha2":"dj","alpha3":"dji"},{"id":212,"name":"Dóminíka","alpha2":"dm","alpha3":"dma"},{"id":214,"name":"Dóminíkanska lýðveldið","alpha2":"do","alpha3":"dom"},{"id":218,"name":"Ekvador","alpha2":"ec","alpha3":"ecu"},{"id":818,"name":"Egyptaland","alpha2":"eg","alpha3":"egy"},{"id":222,"name":"El Salvador","alpha2":"sv","alpha3":"slv"},{"id":226,"name":"Miðbaugs-Gínea","alpha2":"gq","alpha3":"gnq"},{"id":232,"name":"Erítrea","alpha2":"er","alpha3":"eri"},{"id":233,"name":"Eistland","alpha2":"ee","alpha3":"est"},{"id":748,"name":"Esvatíní","alpha2":"sz","alpha3":"swz"},{"id":231,"name":"Eþíópía","alpha2":"et","alpha3":"eth"},{"id":242,"name":"Fídjíeyjar","alpha2":"fj","alpha3":"fji"},{"id":246,"name":"Finnland","alpha2":"fi","alpha3":"fin"},{"id":250,"name":"Frakkland","alpha2":"fr","alpha3":"fra"},{"id":266,"name":"Gabon","alpha2":"ga","alpha3":"gab"},{"id":270,"name":"Gambía","alpha2":"gm","alpha3":"gmb"},{"id":268,"name":"Georgía","alpha2":"ge","alpha3":"geo"},{"id":276,"name":"Þýskaland","alpha2":"de","alpha3":"deu"},{"id":288,"name":"Gana","alpha2":"gh","alpha3":"gha"},{"id":300,"name":"Grikkland","alpha2":"gr","alpha3":"grc"},{"id":308,"name":"Grenada","alpha2":"gd","alpha3":"grd"},{"id":320,"name":"Gvatemala","alpha2":"gt","alpha3":"gtm"},{"id":324,"name":"Gínea","alpha2":"gn","alpha3":"gin"},{"id":624,"name":"Gínea-Bissá","alpha2":"gw","alpha3":"gnb"},{"id":328,"name":"Gvæjana","alpha2":"gy","alpha3":"guy"},{"id":332,"name":"Haítí","alpha2":"ht","alpha3":"hti"},{"id":340,"name":"Hondúras","alpha2":"hn","alpha3":"hnd"},{"id":344,"name":"Hong Kong","alpha2":"hk","alpha3":"hkg"},{"id":348,"name":"Ungverjaland","alpha2":"hu","alpha3":"hun"},{"id":352,"name":"Ísland","alpha2":"is","alpha3":"isl"},{"id":356,"name":"Indland","alpha2":"in","alpha3":"ind"},{"id":360,"name":"Indónesía","alpha2":"id","alpha3":"idn"},{"id":364,"name":"Íran (Íslamska lýðveldið)","alpha2":"ir","alpha3":"irn"},{"id":368,"name":"Írak","alpha2":"iq","alpha3":"irq"},{"id":372,"name":"Írland","alpha2":"ie","alpha3":"irl"},{"id":376,"name":"Ísrael","alpha2":"il","alpha3":"isr"},{"id":380,"name":"Ítala","alpha2":"it","alpha3":"ita"},{"id":388,"name":"Jamaíka","alpha2":"jm","alpha3":"jam"},{"id":392,"name":"Japan","alpha2":"jp","alpha3":"jpn"},{"id":400,"name":"Jórdanía","alpha2":"jo","alpha3":"jor"},{"id":398,"name":"Kasakstan","alpha2":"kz","alpha3":"kaz"},{"id":404,"name":"Kenýa","alpha2":"ke","alpha3":"ken"},{"id":296,"name":"Kíríbatí","alpha2":"ki","alpha3":"kir"},{"id":408,"name":"Kórea (Alþýðulýðveldið, Norður)","alpha2":"kp","alpha3":"prk"},{"id":410,"name":"Kórea (Lýðveldið, Suður)","alpha2":"kr","alpha3":"kor"},{"id":414,"name":"Kúveit","alpha2":"kw","alpha3":"kwt"},{"id":417,"name":"Kirgistan","alpha2":"kg","alpha3":"kgz"},{"id":418,"name":"Laos (Alþýðulýðveldið)","alpha2":"la","alpha3":"lao"},{"id":428,"name":"Lettland","alpha2":"lv","alpha3":"lva"},{"id":422,"name":"Líbanon","alpha2":"lb","alpha3":"lbn"},{"id":426,"name":"Lesótó","alpha2":"ls","alpha3":"lso"},{"id":430,"name":"Líbería","alpha2":"lr","alpha3":"lbr"},{"id":434,"name":"Líbía","alpha2":"ly","alpha3":"lby"},{"id":438,"name":"Liechtenstein","alpha2":"li","alpha3":"lie"},{"id":440,"name":"Litháen","alpha2":"lt","alpha3":"ltu"},{"id":442,"name":"Luxembúrg","alpha2":"lu","alpha3":"lux"},{"id":450,"name":"Madagaskar","alpha2":"mg","alpha3":"mdg"},{"id":454,"name":"Malaví","alpha2":"mw","alpha3":"mwi"},{"id":458,"name":"Malasía","alpha2":"my","alpha3":"mys"},{"id":462,"name":"Maldíveyjar","alpha2":"mv","alpha3":"mdv"},{"id":466,"name":"Malí","alpha2":"ml","alpha3":"mli"},{"id":470,"name":"Malta","alpha2":"mt","alpha3":"mlt"},{"id":584,"name":"Marshalleyjar","alpha2":"mh","alpha3":"mhl"},{"id":478,"name":"Máritanía","alpha2":"mr","alpha3":"mrt"},{"id":480,"name":"Máritíus","alpha2":"mu","alpha3":"mus"},{"id":484,"name":"Mexíkó","alpha2":"mx","alpha3":"mex"},{"id":583,"name":"Míkrónesía (Sambandsríkið)","alpha2":"fm","alpha3":"fsm"},{"id":498,"name":"Moldóvía, Lýðveldið","alpha2":"md","alpha3":"mda"},{"id":492,"name":"Mónakó","alpha2":"mc","alpha3":"mco"},{"id":496,"name":"Mongólía","alpha2":"mn","alpha3":"mng"},{"id":499,"name":"Svartfjallaland","alpha2":"me","alpha3":"mne"},{"id":504,"name":"Marokkó","alpha2":"ma","alpha3":"mar"},{"id":508,"name":"Mósambík","alpha2":"mz","alpha3":"moz"},{"id":104,"name":"Mjanmar","alpha2":"mm","alpha3":"mmr"},{"id":516,"name":"Namibía","alpha2":"na","alpha3":"nam"},{"id":520,"name":"Nárú","alpha2":"nr","alpha3":"nru"},{"id":524,"name":"Nepal","alpha2":"np","alpha3":"npl"},{"id":528,"name":"Holland","alpha2":"nl","alpha3":"nld"},{"id":554,"name":"Nýja-Sjáland","alpha2":"nz","alpha3":"nzl"},{"id":558,"name":"Níkaragva","alpha2":"ni","alpha3":"nic"},{"id":562,"name":"Níger","alpha2":"ne","alpha3":"ner"},{"id":566,"name":"Nígería","alpha2":"ng","alpha3":"nga"},{"id":807,"name":"Norður-Makedónía","alpha2":"mk","alpha3":"mkd"},{"id":578,"name":"Noregur","alpha2":"no","alpha3":"nor"},{"id":512,"name":"Óman","alpha2":"om","alpha3":"omn"},{"id":586,"name":"Pakistan","alpha2":"pk","alpha3":"pak"},{"id":585,"name":"Palá","alpha2":"pw","alpha3":"plw"},{"id":591,"name":"Panama","alpha2":"pa","alpha3":"pan"},{"id":598,"name":"Papúa Nýja-Gínea","alpha2":"pg","alpha3":"png"},{"id":600,"name":"Paragvæ","alpha2":"py","alpha3":"pry"},{"id":604,"name":"Perú","alpha2":"pe","alpha3":"per"},{"id":608,"name":"Filippseyjar","alpha2":"ph","alpha3":"phl"},{"id":616,"name":"Pólland","alpha2":"pl","alpha3":"pol"},{"id":620,"name":"Portúgal","alpha2":"pt","alpha3":"prt"},{"id":634,"name":"Katar","alpha2":"qa","alpha3":"qat"},{"id":642,"name":"Rúmenía","alpha2":"ro","alpha3":"rou"},{"id":643,"name":"Rússland, Sambandsríkið","alpha2":"ru","alpha3":"rus"},{"id":646,"name":"Rúanda","alpha2":"rw","alpha3":"rwa"},{"id":659,"name":"Sankti Kitts og Nevis","alpha2":"kn","alpha3":"kna"},{"id":662,"name":"Sankti Lúsía","alpha2":"lc","alpha3":"lca"},{"id":670,"name":"Sankti Vinsent og Grenadínur","alpha2":"vc","alpha3":"vct"},{"id":882,"name":"Samóa","alpha2":"ws","alpha3":"wsm"},{"id":674,"name":"San Marínó","alpha2":"sm","alpha3":"smr"},{"id":678,"name":"Saó Tóme og Prinsípe","alpha2":"st","alpha3":"stp"},{"id":682,"name":"Sádí-Arabía","alpha2":"sa","alpha3":"sau"},{"id":686,"name":"Senegal","alpha2":"sn","alpha3":"sen"},{"id":688,"name":"Serbía","alpha2":"rs","alpha3":"srb"},{"id":690,"name":"Seychelles-eyjar","alpha2":"sc","alpha3":"syc"},{"id":694,"name":"Síerra Leóne","alpha2":"sl","alpha3":"sle"},{"id":702,"name":"Singapúr","alpha2":"sg","alpha3":"sgp"},{"id":703,"name":"Slóvakía","alpha2":"sk","alpha3":"svk"},{"id":705,"name":"Slóvenía","alpha2":"si","alpha3":"svn"},{"id":90,"name":"Salómonseyjar","alpha2":"sb","alpha3":"slb"},{"id":706,"name":"Sómalía","alpha2":"so","alpha3":"som"},{"id":710,"name":"Suður-Afríka","alpha2":"za","alpha3":"zaf"},{"id":728,"name":"Suður-Súdan","alpha2":"ss","alpha3":"ssd"},{"id":724,"name":"Spánn","alpha2":"es","alpha3":"esp"},{"id":144,"name":"Srí Lanka","alpha2":"lk","alpha3":"lka"},{"id":729,"name":"Súdan","alpha2":"sd","alpha3":"sdn"},{"id":740,"name":"Súrínam","alpha2":"sr","alpha3":"sur"},{"id":752,"name":"Svíþjóð","alpha2":"se","alpha3":"swe"},{"id":756,"name":"Sviss","alpha2":"ch","alpha3":"che"},{"id":760,"name":"Sýrland, Arabalýðveldið","alpha2":"sy","alpha3":"syr"},{"id":762,"name":"Tadsíkistan","alpha2":"tj","alpha3":"tjk"},{"id":834,"name":"Tansanía, Sambandslýðveldið","alpha2":"tz","alpha3":"tza"},{"id":764,"name":"Tæland","alpha2":"th","alpha3":"tha"},{"id":626,"name":"Tímor-Leste","alpha2":"tl","alpha3":"tls"},{"id":768,"name":"Tógó","alpha2":"tg","alpha3":"tgo"},{"id":776,"name":"Tonga","alpha2":"to","alpha3":"ton"},{"id":780,"name":"Trínídad og Tóbagó","alpha2":"tt","alpha3":"tto"},{"id":788,"name":"Túnis","alpha2":"tn","alpha3":"tun"},{"id":792,"name":"Tyrkland","alpha2":"tr","alpha3":"tur"},{"id":795,"name":"Túrkmenistan","alpha2":"tm","alpha3":"tkm"},{"id":798,"name":"Túvalú","alpha2":"tv","alpha3":"tuv"},{"id":800,"name":"Úganda","alpha2":"ug","alpha3":"uga"},{"id":804,"name":"Úkraína","alpha2":"ua","alpha3":"ukr"},{"id":784,"name":"Sameinuðu arabísku furstadæmin","alpha2":"ae","alpha3":"are"},{"id":826,"name":"Bretland (Sameinaða konungsríkið Stóra-Bretland og Norður-Írland)","alpha2":"gb","alpha3":"gbr"},{"id":840,"name":"Bandaríkin","alpha2":"us","alpha3":"usa"},{"id":858,"name":"Úrúgvæ","alpha2":"uy","alpha3":"ury"},{"id":860,"name":"Úsbekistan","alpha2":"uz","alpha3":"uzb"},{"id":548,"name":"Vanúatú","alpha2":"vu","alpha3":"vut"},{"id":862,"name":"Venesúela (Bólivarska lýðveldið)","alpha2":"ve","alpha3":"ven"},{"id":704,"name":"Víetnam","alpha2":"vn","alpha3":"vnm"},{"id":887,"name":"Jemen","alpha2":"ye","alpha3":"yem"},{"id":894,"name":"Sambía","alpha2":"zm","alpha3":"zmb"},{"id":716,"name":"Simbabve","alpha2":"zw","alpha3":"zwe"},{"id":158,"name":"Taiwan","alpha2":"tw","alpha3":"twn"}]