[{"id":4,"name":"อัฟกานิสถาน","alpha2":"af","alpha3":"afg"},{"id":8,"name":"แอลเบเนีย","alpha2":"al","alpha3":"alb"},{"id":12,"name":"แอลจีเรีย","alpha2":"dz","alpha3":"dza"},{"id":20,"name":"อันดอร์รา","alpha2":"ad","alpha3":"and"},{"id":24,"name":"แองโกลา","alpha2":"ao","alpha3":"ago"},{"id":28,"name":"แอนติกาและบาร์บูดา","alpha2":"ag","alpha3":"atg"},{"id":32,"name":"อาร์เจนตินา","alpha2":"ar","alpha3":"arg"},{"id":51,"name":"อาร์มีเนีย","alpha2":"am","alpha3":"arm"},{"id":36,"name":"ออสเตรเลีย","alpha2":"au","alpha3":"aus"},{"id":40,"name":"ออสเตรีย","alpha2":"at","alpha3":"aut"},{"id":31,"name":"อาเซอร์ไบจาน","alpha2":"az","alpha3":"aze"},{"id":44,"name":"บาฮามาส","alpha2":"bs","alpha3":"bhs"},{"id":48,"name":"บาห์เรน","alpha2":"bh","alpha3":"bhr"},{"id":50,"name":"บังกลาเทศ","alpha2":"bd","alpha3":"bgd"},{"id":52,"name":"บาร์เบโดส","alpha2":"bb","alpha3":"brb"},{"id":112,"name":"เบลารุส","alpha2":"by","alpha3":"blr"},{"id":56,"name":"เบลเยียม","alpha2":"be","alpha3":"bel"},{"id":84,"name":"เบลีซ","alpha2":"bz","alpha3":"blz"},{"id":204,"name":"เบนิน","alpha2":"bj","alpha3":"ben"},{"id":64,"name":"ภูฏาน","alpha2":"bt","alpha3":"btn"},{"id":68,"name":"โบลิเวีย","alpha2":"bo","alpha3":"bol"},{"id":70,"name":"บอสเนียและเฮอร์เซโกวีนา","alpha2":"ba","alpha3":"bih"},{"id":72,"name":"บอตสวานา","alpha2":"bw","alpha3":"bwa"},{"id":76,"name":"บราซิล","alpha2":"br","alpha3":"bra"},{"id":96,"name":"บรูไน","alpha2":"bn","alpha3":"brn"},{"id":100,"name":"บัลแกเรีย","alpha2":"bg","alpha3":"bgr"},{"id":854,"name":"บูร์กินาฟาโซ","alpha2":"bf","alpha3":"bfa"},{"id":108,"name":"บุรุนดี","alpha2":"bi","alpha3":"bdi"},{"id":132,"name":"กาบูเวร์ดี","alpha2":"cv","alpha3":"cpv"},{"id":116,"name":"กัมพูชา","alpha2":"kh","alpha3":"khm"},{"id":120,"name":"แคเมอรูน","alpha2":"cm","alpha3":"cmr"},{"id":124,"name":"แคนาดา","alpha2":"ca","alpha3":"can"},{"id":140,"name":"สาธารณรัฐแอฟริกากลาง","alpha2":"cf","alpha3":"caf"},{"id":148,"name":"ชาด","alpha2":"td","alpha3":"tcd"},{"id":152,"name":"ชิลี","alpha2":"cl","alpha3":"chl"},{"id":156,"name":"จีน","alpha2":"cn","alpha3":"chn"},{"id":170,"name":"โคลอมเบีย","alpha2":"co","alpha3":"col"},{"id":174,"name":"คอโมโรส","alpha2":"km","alpha3":"com"},{"id":178,"name":"สาธารณรัฐคองโก","alpha2":"cg","alpha3":"cog"},{"id":180,"name":"สาธารณรัฐประชาธิปไตยคองโก","alpha2":"cd","alpha3":"cod"},{"id":188,"name":"คอสตาริกา","alpha2":"cr","alpha3":"cri"},{"id":384,"name":"โกตดิวัวร์","alpha2":"ci","alpha3":"civ"},{"id":191,"name":"โครเอเชีย","alpha2":"hr","alpha3":"hrv"},{"id":192,"name":"คิวบา","alpha2":"cu","alpha3":"cub"},{"id":196,"name":"ไซปรัส","alpha2":"cy","alpha3":"cyp"},{"id":203,"name":"เช็กเกีย","alpha2":"cz","alpha3":"cze"},{"id":208,"name":"เดนมาร์ก","alpha2":"dk","alpha3":"dnk"},{"id":262,"name":"จิบูตี","alpha2":"dj","alpha3":"dji"},{"id":212,"name":"ดอมินีกา","alpha2":"dm","alpha3":"dma"},{"id":214,"name":"สาธารณรัฐโดมินิกัน","alpha2":"do","alpha3":"dom"},{"id":218,"name":"เอกวาดอร์","alpha2":"ec","alpha3":"ecu"},{"id":818,"name":"อียิปต์","alpha2":"eg","alpha3":"egy"},{"id":222,"name":"เอลซัลวาดอร์","alpha2":"sv","alpha3":"slv"},{"id":226,"name":"อิเควทอเรียลกินี","alpha2":"gq","alpha3":"gnq"},{"id":232,"name":"เอริเทรีย","alpha2":"er","alpha3":"eri"},{"id":233,"name":"เอสโตเนีย","alpha2":"ee","alpha3":"est"},{"id":748,"name":"เอสวาตีนี","alpha2":"sz","alpha3":"swz"},{"id":231,"name":"เอธิโอเปีย","alpha2":"et","alpha3":"eth"},{"id":242,"name":"ฟีจี","alpha2":"fj","alpha3":"fji"},{"id":246,"name":"ฟินแลนด์","alpha2":"fi","alpha3":"fin"},{"id":250,"name":"ฝรั่งเศส","alpha2":"fr","alpha3":"fra"},{"id":266,"name":"กาบอง","alpha2":"ga","alpha3":"gab"},{"id":270,"name":"แกมเบีย","alpha2":"gm","alpha3":"gmb"},{"id":268,"name":"จอร์เจีย","alpha2":"ge","alpha3":"geo"},{"id":276,"name":"เยอรมนี","alpha2":"de","alpha3":"deu"},{"id":288,"name":"กานา","alpha2":"gh","alpha3":"gha"},{"id":300,"name":"กรีซ","alpha2":"gr","alpha3":"grc"},{"id":308,"name":"เกรเนดา","alpha2":"gd","alpha3":"grd"},{"id":320,"name":"กัวเตมาลา","alpha2":"gt","alpha3":"gtm"},{"id":324,"name":"กินี","alpha2":"gn","alpha3":"gin"},{"id":624,"name":"กินี-บิสเซา","alpha2":"gw","alpha3":"gnb"},{"id":328,"name":"กายอานา","alpha2":"gy","alpha3":"guy"},{"id":332,"name":"เฮติ","alpha2":"ht","alpha3":"hti"},{"id":340,"name":"ฮอนดูรัส","alpha2":"hn","alpha3":"hnd"},{"id":344,"name":"ฮ่องกง","alpha2":"hk","alpha3":"hkg"},{"id":348,"name":"ฮังการี","alpha2":"hu","alpha3":"hun"},{"id":352,"name":"ไอซ์แลนด์","alpha2":"is","alpha3":"isl"},{"id":356,"name":"อินเดีย","alpha2":"in","alpha3":"ind"},{"id":360,"name":"อินโดนีเซีย","alpha2":"id","alpha3":"idn"},{"id":364,"name":"อิหร่าน","alpha2":"ir","alpha3":"irn"},{"id":368,"name":"อิรัก","alpha2":"iq","alpha3":"irq"},{"id":372,"name":"ไอร์แลนด์","alpha2":"ie","alpha3":"irl"},{"id":376,"name":"อิสราเอล","alpha2":"il","alpha3":"isr"},{"id":380,"name":"อิตาลี","alpha2":"it","alpha3":"ita"},{"id":388,"name":"จาเมกา","alpha2":"jm","alpha3":"jam"},{"id":392,"name":"ญี่ปุ่น","alpha2":"jp","alpha3":"jpn"},{"id":400,"name":"จอร์แดน","alpha2":"jo","alpha3":"jor"},{"id":398,"name":"คาซัคสถาน","alpha2":"kz","alpha3":"kaz"},{"id":404,"name":"เคนยา","alpha2":"ke","alpha3":"ken"},{"id":296,"name":"คิริบาส","alpha2":"ki","alpha3":"kir"},{"id":408,"name":"เกาหลีเหนือ","alpha2":"kp","alpha3":"prk"},{"id":410,"name":"เกาหลีใต้","alpha2":"kr","alpha3":"kor"},{"id":414,"name":"คูเวต","alpha2":"kw","alpha3":"kwt"},{"id":417,"name":"คีร์กีซสถาน","alpha2":"kg","alpha3":"kgz"},{"id":418,"name":"ลาว","alpha2":"la","alpha3":"lao"},{"id":428,"name":"ลัตเวีย","alpha2":"lv","alpha3":"lva"},{"id":422,"name":"เลบานอน","alpha2":"lb","alpha3":"lbn"},{"id":426,"name":"เลโซโท","alpha2":"ls","alpha3":"lso"},{"id":430,"name":"ไลบีเรีย","alpha2":"lr","alpha3":"lbr"},{"id":434,"name":"ลิเบีย","alpha2":"ly","alpha3":"lby"},{"id":438,"name":"ลิกเตนสไตน์","alpha2":"li","alpha3":"lie"},{"id":440,"name":"ลิทัวเนีย","alpha2":"lt","alpha3":"ltu"},{"id":442,"name":"ลักเซมเบิร์ก","alpha2":"lu","alpha3":"lux"},{"id":450,"name":"มาดากัสการ์","alpha2":"mg","alpha3":"mdg"},{"id":454,"name":"มาลาวี","alpha2":"mw","alpha3":"mwi"},{"id":458,"name":"มาเลเซีย","alpha2":"my","alpha3":"mys"},{"id":462,"name":"มัลดีฟส์","alpha2":"mv","alpha3":"mdv"},{"id":466,"name":"มาลี","alpha2":"ml","alpha3":"mli"},{"id":470,"name":"มอลตา","alpha2":"mt","alpha3":"mlt"},{"id":584,"name":"หมู่เกาะมาร์แชลล์","alpha2":"mh","alpha3":"mhl"},{"id":478,"name":"มอริเตเนีย","alpha2":"mr","alpha3":"mrt"},{"id":480,"name":"มอริเชียส","alpha2":"mu","alpha3":"mus"},{"id":484,"name":"เม็กซิโก","alpha2":"mx","alpha3":"mex"},{"id":583,"name":"ไมโครนีเซีย","alpha2":"fm","alpha3":"fsm"},{"id":498,"name":"มอลโดวา","alpha2":"md","alpha3":"mda"},{"id":492,"name":"โมนาโก","alpha2":"mc","alpha3":"mco"},{"id":496,"name":"มองโกเลีย","alpha2":"mn","alpha3":"mng"},{"id":499,"name":"มอนเตเนโกร","alpha2":"me","alpha3":"mne"},{"id":504,"name":"โมร็อกโก","alpha2":"ma","alpha3":"mar"},{"id":508,"name":"โมซัมบิก","alpha2":"mz","alpha3":"moz"},{"id":104,"name":"พม่า","alpha2":"mm","alpha3":"mmr"},{"id":516,"name":"นามิเบีย","alpha2":"na","alpha3":"nam"},{"id":520,"name":"นาอูรู","alpha2":"nr","alpha3":"nru"},{"id":524,"name":"เนปาล","alpha2":"np","alpha3":"npl"},{"id":528,"name":"เนเธอร์แลนด์","alpha2":"nl","alpha3":"nld"},{"id":554,"name":"นิวซีแลนด์","alpha2":"nz","alpha3":"nzl"},{"id":558,"name":"นิการากัว","alpha2":"ni","alpha3":"nic"},{"id":562,"name":"ไนเจอร์","alpha2":"ne","alpha3":"ner"},{"id":566,"name":"ไนจีเรีย","alpha2":"ng","alpha3":"nga"},{"id":807,"name":"นอร์ทมาซิโดเนีย","alpha2":"mk","alpha3":"mkd"},{"id":578,"name":"นอร์เวย์","alpha2":"no","alpha3":"nor"},{"id":512,"name":"โอมาน","alpha2":"om","alpha3":"omn"},{"id":586,"name":"ปากีสถาน","alpha2":"pk","alpha3":"pak"},{"id":585,"name":"ปาเลา","alpha2":"pw","alpha3":"plw"},{"id":591,"name":"ปานามา","alpha2":"pa","alpha3":"pan"},{"id":598,"name":"ปาปัวนิวกินี","alpha2":"pg","alpha3":"png"},{"id":600,"name":"ปารากวัย","alpha2":"py","alpha3":"pry"},{"id":604,"name":"เปรู","alpha2":"pe","alpha3":"per"},{"id":608,"name":"ฟิลิปปินส์","alpha2":"ph","alpha3":"phl"},{"id":616,"name":"โปแลนด์","alpha2":"pl","alpha3":"pol"},{"id":620,"name":"โปรตุเกส","alpha2":"pt","alpha3":"prt"},{"id":634,"name":"กาตาร์","alpha2":"qa","alpha3":"qat"},{"id":642,"name":"โรมาเนีย","alpha2":"ro","alpha3":"rou"},{"id":643,"name":"รัสเซีย","alpha2":"ru","alpha3":"rus"},{"id":646,"name":"รวันดา","alpha2":"rw","alpha3":"rwa"},{"id":659,"name":"เซนต์คิตส์และเนวิส","alpha2":"kn","alpha3":"kna"},{"id":662,"name":"เซนต์ลูเชีย","alpha2":"lc","alpha3":"lca"},{"id":670,"name":"เซนต์วินเซนต์และเกรนาดีนส์","alpha2":"vc","alpha3":"vct"},{"id":882,"name":"ซามัว","alpha2":"ws","alpha3":"wsm"},{"id":674,"name":"ซานมารีโน","alpha2":"sm","alpha3":"smr"},{"id":678,"name":"เซาตูเมและปรินซีปี","alpha2":"st","alpha3":"stp"},{"id":682,"name":"ซาอุดีอาระเบีย","alpha2":"sa","alpha3":"sau"},{"id":686,"name":"เซเนกัล","alpha2":"sn","alpha3":"sen"},{"id":688,"name":"เซอร์เบีย","alpha2":"rs","alpha3":"srb"},{"id":690,"name":"เซเชลส์","alpha2":"sc","alpha3":"syc"},{"id":694,"name":"เซียร์ราลีโอน","alpha2":"sl","alpha3":"sle"},{"id":702,"name":"สิงคโปร์","alpha2":"sg","alpha3":"sgp"},{"id":703,"name":"สโลวาเกีย","alpha2":"sk","alpha3":"svk"},{"id":705,"name":"สโลวีเนีย","alpha2":"si","alpha3":"svn"},{"id":90,"name":"หมู่เกาะโซโลมอน","alpha2":"sb","alpha3":"slb"},{"id":706,"name":"โซมาเลีย","alpha2":"so","alpha3":"som"},{"id":710,"name":"แอฟริกาใต้","alpha2":"za","alpha3":"zaf"},{"id":728,"name":"เซาท์ซูดาน","alpha2":"ss","alpha3":"ssd"},{"id":724,"name":"สเปน","alpha2":"es","alpha3":"esp"},{"id":144,"name":"ศรีลังกา","alpha2":"lk","alpha3":"lka"},{"id":729,"name":"ซูดาน","alpha2":"sd","alpha3":"sdn"},{"id":740,"name":"ซูรินาม","alpha2":"sr","alpha3":"sur"},{"id":752,"name":"สวีเดน","alpha2":"se","alpha3":"swe"},{"id":756,"name":"สวิตเซอร์แลนด์","alpha2":"ch","alpha3":"che"},{"id":760,"name":"ซีเรีย","alpha2":"sy","alpha3":"syr"},{"id":762,"name":"ทาจิกิสถาน","alpha2":"tj","alpha3":"tjk"},{"id":834,"name":"แทนซาเนีย","alpha2":"tz","alpha3":"tza"},{"id":764,"name":"ไทย","alpha2":"th","alpha3":"tha"},{"id":626,"name":"ติมอร์-เลสเต","alpha2":"tl","alpha3":"tls"},{"id":768,"name":"โตโก","alpha2":"tg","alpha3":"tgo"},{"id":776,"name":"ตองงา","alpha2":"to","alpha3":"ton"},{"id":780,"name":"ตรินิแดดและโตเบโก","alpha2":"tt","alpha3":"tto"},{"id":788,"name":"ตูนิเซีย","alpha2":"tn","alpha3":"tun"},{"id":792,"name":"ตุรกี","alpha2":"tr","alpha3":"tur"},{"id":795,"name":"เติร์กเมนิสถาน","alpha2":"tm","alpha3":"tkm"},{"id":798,"name":"ตูวาลู","alpha2":"tv","alpha3":"tuv"},{"id":800,"name":"ยูกันดา","alpha2":"ug","alpha3":"uga"},{"id":804,"name":"ยูเครน","alpha2":"ua","alpha3":"ukr"},{"id":784,"name":"สหรัฐอาหรับเอมิเรตส์","alpha2":"ae","alpha3":"are"},{"id":826,"name":"สหราชอาณาจักร","alpha2":"gb","alpha3":"gbr"},{"id":840,"name":"สหรัฐ","alpha2":"us","alpha3":"usa"},{"id":858,"name":"อุรุกวัย","alpha2":"uy","alpha3":"ury"},{"id":860,"name":"อุซเบกิสถาน","alpha2":"uz","alpha3":"uzb"},{"id":548,"name":"วานูอาตู","alpha2":"vu","alpha3":"vut"},{"id":862,"name":"เวเนซุเอลา","alpha2":"ve","alpha3":"ven"},{"id":704,"name":"เวียดนาม","alpha2":"vn","alpha3":"vnm"},{"id":887,"name":"เยเมน","alpha2":"ye","alpha3":"yem"},{"id":894,"name":"แซมเบีย","alpha2":"zm","alpha3":"zmb"},{"id":716,"name":"ซิมบับเว","alpha2":"zw","alpha3":"zwe"},{"id":158,"name":"ไต้หวัน","alpha2":"tw","alpha3":"twn"}]